ID,Name,Alignment,Gender,EyeColor,Race,HairColor,Publisher,SkinColor,Height,Weight,Wiki_Bio
0,A-Bomb,1,Male,yellow,Human,No Hair,Marvel Comics,,203.0,441.0,"richard milhouse ""rick"" jones is a character appearing in american comic books published by marvel comics. the character has been depicted as a sidekick and friend to the hulk, captain america, mar-vell / captain marvel, rom the space knight, and genis-vell / captain marvel."
3,Abomination,0,Male,green,Human / Radiation,No Hair,Marvel Comics,,203.0,441.0,"the abomination (emil blonsky) is a character appearing in american comic books published by marvel comics. created by writer stan lee and artist gil kane, the character first appeared in tales to astonish #90 (april 1967)."
4,Abraxas,0,Male,blue,Cosmic Entity,Black,Marvel Comics,,183.0,83.0,no data
5,Absorbing Man,0,Male,blue,Human,No Hair,Marvel Comics,,193.0,122.0,"the absorbing man (carl ""crusher"" creel) is a character appearing in american comic books published by marvel comics. created by writer stan lee and writer-artist jack kirby, the character first appeared in journey into mystery #114 (cover dated march 1965), in the silver age of comic books."
8,Agent 13,1,Female,blue,,Blond,Marvel Comics,,173.0,61.0,the agent (rick mason) is a fictional character appearing in american comic books published by marvel comics. he is the son of tinkerer.
9,Agent Bob,1,Male,brown,Human,Brown,Marvel Comics,,178.0,81.0,"bob, agent of hydra (robert dobalina) is a fictional character appearing in american comic books published by marvel comics. the character is depicted as an antihero and a sidekick of deadpool."
10,Agent Zero,1,Male,,,,Marvel Comics,,191.0,104.0,the marvel cinematic universe (mcu) is an american media franchise and shared universe centered on a series of superhero films produced by marvel studios. the films are based on characters from american comic books published by marvel comics.
11,Air-Walker,0,Male,blue,,White,Marvel Comics,,188.0,108.0,"air-walker (gabriel lan) is a character appearing in american comic books published by marvel comics. created by writer stan lee and artist john buscema, the character first appeared (in android form) in fantastic four #120 (march 1972)."
12,Ajax,0,Male,brown,Cyborg,Black,Marvel Comics,,193.0,90.0,"francis freeman (also known as ajax) is a supervillain appearing in american comic books published by marvel comics. created by writer joe kelly and artist walter a. mcdaniel, the character first appeared in deadpool  #14 (march 1998)."
20,Ammo,0,Male,brown,Human,Black,Marvel Comics,,188.0,101.0,no data
22,Angel,1,Male,blue,,Blond,Marvel Comics,,183.0,68.0,"dark angel (shevaun haldane), originally hell's angel, is a superheroine appearing in american comic books published by marvel comics under their imprint marvel uk. created by bernie jaye and geoff senior, the character first appeared in hell's angel #1 (july 1992). 


== publication history ==
dark angel first appeared in hell's angel #1 (july 1992), created by bernie jaye and geoff senior."
24,Angel Dust,1,Female,yellow,Mutant,Black,Marvel Comics,,165.0,57.0,"christine is a character appearing in american comic books published by marvel comics. created by writer geoff johns and artist shawn martinbrough, the character first appeared in morlocks #1 (june 2002)."
25,Angel Salvadore,1,Female,brown,,Black,Marvel Comics,,163.0,54.0,"angel salvadore-bohusk is a fictional character appearing in american comic books published by marvel comics. created by grant morrison and ethan van sciver, the character first appeared  in new x-men #118 (november 2001)."
28,Annihilus,0,Male,green,,No Hair,Marvel Comics,,180.0,90.0,"annihilus () is a supervillain appearing in american comic books published by marvel comics, primarily as an adversary to the fantastic four. the character debuted in fantastic four annual #6, which was published in november 1968."
29,Ant-Man,1,Male,blue,Human,Blond,Marvel Comics,,211.0,122.0,"ant-man is the name of several superheroes appearing in books published by marvel comics.


== publication history ==
created by stan lee, larry lieber and jack kirby, his first appearance was in tales to astonish #27 (january 1962) as dr."
30,Ant-Man II,1,Male,blue,Human,Blond,Marvel Comics,,183.0,86.0,"ant-man (scott edward harris lang) is a  fictional character appearing in american comic books published by marvel comics. created by david michelinie, bob layton and john byrne, scott lang first appeared in the avengers #181 (march 1979) and in marvel premiere #47 (april 1979) as the second superhero character to use the ant-man name in the marvel universe."
34,Apocalypse,0,Male,red,Mutant,Black,Marvel Comics,grey,213.0,135.0,"apocalypse (en sabah nur) is a supervillain appearing in american comic books published by marvel comics. he is one of the world's first mutants, and was a principal villain for the original x-factor team and later the x-men and related spin-off teams."
38,Arachne,1,Female,blue,Human,Blond,Marvel Comics,,175.0,63.0,"julia carpenter is a superhero appearing in american comic books published by marvel comics. created by jim shooter and mike zeck, the character first appeared in secret wars #6 (october 1984)."
39,Archangel,1,Male,blue,Mutant,Blond,Marvel Comics,blue,183.0,68.0,"warren kenneth worthington iii is a superhero appearing in american comic books published by marvel comics. created by writer stan lee and artist jack kirby, the character first appeared in the x-men #1 (september 1963)."
40,Arclight,0,Female,violet,,Purple,Marvel Comics,,173.0,57.0,"arclight (philippa sontag) is a supervillain appearing in american comic books published by marvel comics. created by writer chris claremont and artist john romita jr., the character first appeared in uncanny x-men #210 as a shadow, making a full appearance in uncanny x-men #211 (november 1986)."
41,Ardina,1,Female,white,Alien,Orange,Marvel Comics,gold,193.0,98.0,"ardina is a character appearing in american comic books published by marvel comics.


== fictional character biography ==
the defenders were told by papa hagg that they needed female analogs to counter the order, and they found analogs of all the order except for the silver surfer."
42,Ares,1,Male,brown,,Brown,Marvel Comics,,185.0,270.0,"ares is a fictional character, a deity appearing in american comic books published by marvel comics. the character is based on the greek god of the same name."
43,Ariel,1,Female,purple,,Pink,Marvel Comics,,165.0,59.0,"venom, also known formally as ""the symbiote"", is a character appearing in american comic books published by marvel comics. the character is a sentient alien symbiote with an amorphous, liquid-like form, who survives by bonding with a host, usually human."
44,Armor,1,Female,black,,Black,Marvel Comics,,163.0,50.0,"armor (hisako ichiki (市来 久子, ichiki hisako)) is a superhero appearing in american comic books published by marvel comics. created by joss whedon and john cassaday, the character first appeared in astonishing x-men vol."
47,Atlas,1,Male,brown,Mutant,Red,Marvel Comics,,183.0,101.0,"marvel masterworks is an american collection of hardcover and trade paperback comic book reprints published by marvel comics, with the main goal of republishing classic marvel comics storylines in a hardcover, premium edition, often with restored artwork and better graphical quality when compared to other marvel collected editions. the collection started in 1987, with volumes reprinting the issues of the amazing spider-man, the fantastic four, the x-men, and the avengers."
55,Aurora,1,Female,blue,Mutant,Black,Marvel Comics,,180.0,63.0,"aurora (french: aurore) (jeanne-marie beaubier) is a superhero appearing in american comic books published by marvel comics. created by chris claremont and john byrne, the character first appeared in the uncanny x-men #120 (april 1979)."
56,Azazel,0,Male,yellow,Neyaphem,Black,Marvel Comics,red,183.0,67.0,"azazel is a supervillain appearing in american comic books published by marvel comics. created by chuck austen and sean philips, the character first appeared in uncanny x-men #428 (august 2003)."
60,Banshee,1,Male,green,Human,Strawberry Blond,Marvel Comics,,183.0,77.0,"banshee (sean cassidy) is a fictional superhero appearing in american comic books published by marvel comics, commonly in association with the x-men. created by writer roy thomas and artist werner roth, the character first appeared in x-men #28 (jan."
61,Bantam,1,Male,brown,,Black,Marvel Comics,,165.0,54.0,"
== nakia bahadir ==

nakia bahadir is a character appearing in american comic books published by marvel comics. she is a turkish girl and friend of kamala khan."
71,Battlestar,1,Male,brown,,Black,Marvel Comics,,198.0,133.0,"battlestar (lemar hoskins) is a superhero appearing in american comic books published by marvel comics. created by mark gruenwald and paul neary, the character made his first appearance in captain america #323 (1986)."
73,Beak,1,Male,black,,White,Marvel Comics,,175.0,63.0,"beck david hansen (born bek  campbell; july 8, 1970), known mononymously as beck, is an american singer, songwriter, and record producer. he rose to fame in the early 1990s with his experimental and lo-fi style, and became known for creating musical collages of wide-ranging genres."
74,Beast,1,Male,blue,Mutant,Blue,Marvel Comics,blue,180.0,181.0,no data
76,Beetle,0,Male,,,,Marvel Comics,,183.0,83.0,"
== nakia bahadir ==

nakia bahadir is a character appearing in american comic books published by marvel comics. she is a turkish girl and friend of kamala khan."
78,Beta Ray Bill,1,Male,,,No Hair,Marvel Comics,,201.0,216.0,"beta ray bill is a fictional superhero appearing in american comic books published by marvel comics. debuting in the bronze age of comic books, the character was initially intended to be a surprise; an apparent monster who unexpectedly turns out to be a great hero."
79,Beyonder,1,Male,,God / Eternal,,Marvel Comics,,183.0,83.0,"the beyonder () is a fictional cosmic entity appearing in american comic books published by marvel comics. created by writer jim shooter and artist mike zeck, the beyonder first appeared in secret wars #1 (may 1984) as an unseen, nigh-omnipotent being from outside the multiverse who kidnapped the heroes and villains of the marvel universe to have them do battle on battleworld, a fictional planet created by the beyonder."
82,Big Man,0,Male,blue,,Brown,Marvel Comics,,165.0,71.0,whiplash is the name of multiple supervillains appearing in american comic books published by marvel comics. they are commonly depicted as members of iron man's rogues gallery.
85,Binary,1,Female,blue,,Blond,Marvel Comics,,180.0,54.0,"carol susan jane danvers is a character appearing in american comic books published by marvel comics. created by writer roy thomas and artist gene colan, the character first appeared as an officer in the united states air force and a colleague of the kree superhero mar-vell in marvel super-heroes #13 (march 1968)."
87,Bird-Brain,1,,,,,Marvel Comics,,183.0,83.0,"bird-brain is a character appearing in american comic books published by marvel comics, primarily in association with the new mutants. he was introduced in a story arc lasting from the new mutants #56 to issue #61 as an ally of the new mutants who resembles an anthropomorphic bird and was among the ani-mates created by the ani-mator, a mad geneticist."
88,Bird-Man,0,Male,,Human,,Marvel Comics,,183.0,83.0,"the vulture is the alias of several supervillains appearing in american comic books published by marvel comics, most of whom are depicted as enemies of the superhero spider-man and part of his adversaries composing his rogues gallery, typically using special suits which allow them to fly at vast speeds.
the first incarnation of the character, isidoro scarlotti, is an italian scientist and an enemy of the original human torch and toro."
89,Bird-Man II,0,Male,,Human,,Marvel Comics,,183.0,83.0,"the vulture is the alias of several supervillains appearing in american comic books published by marvel comics, most of whom are depicted as enemies of the superhero spider-man and part of his adversaries composing his rogues gallery, typically using special suits which allow them to fly at vast speeds.
the first incarnation of the character, isidoro scarlotti, is an italian scientist and an enemy of the original human torch and toro."
91,Bishop,1,Male,brown,Mutant,No Hair,Marvel Comics,,198.0,124.0,"bishop is a character appearing in american comic books published by marvel comics. created by writer john byrne and artist whilce portacio, the character first appeared in the uncanny x-men #282 (november 1991)."
93,Black Abbott,0,Male,red,,Black,Marvel Comics,,183.0,83.0,"
== nakia bahadir ==

nakia bahadir is a character appearing in american comic books published by marvel comics. she is a turkish girl and friend of kamala khan."
95,Black Bolt,1,Male,blue,Inhuman,Black,Marvel Comics,,188.0,95.0,"black bolt (blackagar boltagon) is a fictional character appearing in american comic books published by marvel comics. created by stan lee and jack kirby, the character first appeared in fantastic four #45 (december 1965)."
98,Black Cat,1,Female,green,Human,Blond,Marvel Comics,,178.0,54.0,"black cat is a character appearing in american comic books published by marvel comics. created by marv wolfman and dave cockrum, the character first appeared in the amazing spider-man #194 in july 1979 as an adversary of the superhero spider-man, although she later becomes his on-off love interest and ally."
100,Black Goliath,1,Male,,,,Marvel Comics,,183.0,83.0,"goliath is a superhero comic book identity in marvel comics.


== character history ==
the goliath identity has been used by various superheroes:


=== henry pym ===

henry ""hank"" pym was the first to utilize the goliath name."
101,Black Knight III,1,Male,brown,Human,Brown,Marvel Comics,,183.0,86.0,"storm is a superhero appearing in american comic books published by marvel comics. created by writer len wein and artist dave cockrum, the character first appeared in giant-size x-men #1 (may 1975)."
103,Black Mamba,0,Female,green,,Black,Marvel Comics,,170.0,52.0,black mamba (tanya sealy) is a supervillain appearing in american comic books published by marvel comics. she first appeared in marvel two-in-one #64 (june 1980) created by writers mark gruenwald and ralph macchio.
105,Black Panther,1,Male,brown,Human,Black,Marvel Comics,,183.0,90.0,"black panther is a superhero appearing in american comic books published by marvel comics. created by writer-editor stan lee and artist-coplotter jack kirby, the character first appeared in fantastic four #52, published in july 1966."
106,Black Widow,1,Female,green,Human,Auburn,Marvel Comics,,170.0,59.0,"black widow is the name of several fictional characters appearing in american comic books published by marvel comics. most of these versions exist in marvel's main shared universe, known as the marvel universe."
107,Black Widow II,1,Female,blue,,Blond,Marvel Comics,,170.0,61.0,"black widow is the name of several fictional characters appearing in american comic books published by marvel comics. most of these versions exist in marvel's main shared universe, known as the marvel universe."
108,Blackout,0,Male,red,Demon,White,Marvel Comics,white,191.0,104.0,"blackout is a supervillain appearing in american comic books published by marvel comics. he is depicted as a half-demon, and is the second character to use the name, an arcane blessing which bestows vampiric powers."
109,Blackwing,0,Male,blue,,Black,Marvel Comics,,185.0,86.0,blackwing is the name of two supervillains and one hero appearing in american comic books published by marvel comics. the first version is silvermane's son joseph manfredi.
111,Blade,1,Male,brown,Vampire,Black,Marvel Comics,,188.0,97.0,"blade (birth name: eric cross brooks;) is a fictional character and antihero appearing in american comic books published by marvel comics. created by writer marv wolfman and penciller gene colan, his first appearance was in the comic book the tomb of dracula #10 (july 1973) as a supporting character, but he later went on to star in his own storylines."
112,Blaquesmith,1,,black,,No Hair,Marvel Comics,,183.0,83.0,"hope summers is a character appearing in american comic books published by marvel comics. created by mike carey and chris bachalo, the character first appeared in x-men #205 (jan 2008, during the ""x-men: messiah complex"" storyline)."
113,Bling!,1,Female,,,,Marvel Comics,,168.0,68.0,no data
114,Blink,1,Female,green,Mutant,Magenta,Marvel Comics,pink,165.0,56.0,"blink (clarice ferguson) is a superheroine appearing in american comic books published by marvel comics. created by writer scott lobdell and artist joe madureira, blink is the pink-skinned mutant leader of the exiles, a group tasked with correcting problems in various alternate worlds and divergent timelines in the marvel multiverse."
115,Blizzard,0,Male,,,,Marvel Comics,,183.0,83.0,"blizzard is the name of several fictional characters appearing in american comic books published by marvel comics, who are primarily enemies of iron man.
the donnie gill incarnation has had the most appearances, appearing in several forms of animated media and video games as well as a live-action incarnation in the marvel cinematic universe tv series agents of s.h.i.e.l.d., portrayed by dylan minnette, though the gregor shapanka and randy macklin incarnations have also appeared in animation."
116,Blizzard,0,Male,,,Brown,Marvel Comics,,183.0,83.0,"blizzard is the name of several fictional characters appearing in american comic books published by marvel comics, who are primarily enemies of iron man.
the donnie gill incarnation has had the most appearances, appearing in several forms of animated media and video games as well as a live-action incarnation in the marvel cinematic universe tv series agents of s.h.i.e.l.d., portrayed by dylan minnette, though the gregor shapanka and randy macklin incarnations have also appeared in animation."
117,Blizzard II,0,Male,brown,,Brown,Marvel Comics,,175.0,77.0,"blizzard is the name of several fictional characters appearing in american comic books published by marvel comics, who are primarily enemies of iron man.
the donnie gill incarnation has had the most appearances, appearing in several forms of animated media and video games as well as a live-action incarnation in the marvel cinematic universe tv series agents of s.h.i.e.l.d., portrayed by dylan minnette, though the gregor shapanka and randy macklin incarnations have also appeared in animation."
118,Blob,0,Male,brown,,Brown,Marvel Comics,,178.0,230.0,"the blob (frederick j. ""fred"" dukes) is a fictional character appearing in american comic books published by marvel comics. the character is usually depicted as an adversary of the x-men."
119,Bloodaxe,0,Female,blue,Human,Brown,Marvel Comics,,218.0,495.0,bloodaxe (jackie lukus) is a supervillain appearing in american comic books published by marvel comics. the character is usually depicted as a foe of thor and thunderstrike.
120,Bloodhawk,1,Male,black,Mutant,No Hair,Marvel Comics,,183.0,83.0,"
== nakia bahadir ==

nakia bahadir is a character appearing in american comic books published by marvel comics. she is a turkish girl and friend of kamala khan."
121,Bloodwraith,0,Male,white,,No Hair,Marvel Comics,,30.5,83.0,"
== nakia bahadir ==

nakia bahadir is a character appearing in american comic books published by marvel comics. she is a turkish girl and friend of kamala khan."
127,Bolt,1,Male,,,,Marvel Comics,,183.0,83.0,"black bolt (blackagar boltagon) is a fictional character appearing in american comic books published by marvel comics. created by stan lee and jack kirby, the character first appeared in fantastic four #45 (december 1965)."
129,Boom-Boom,1,Female,blue,Mutant,Blond,Marvel Comics,,165.0,55.0,boom! studios (stylized as boom!
130,Boomer,1,Female,,,,Marvel Comics,,183.0,83.0,"marvel comics is an american comic book publisher, a property of the walt disney company since december 31, 2009, and a subsidiary of disney publishing worldwide since march 2023. marvel was founded in 1939 by martin goodman as timely comics, and by 1951 had generally become known as atlas comics."
132,Box,1,Male,,,,Marvel Comics,,183.0,83.0,"marvel comics is a publisher of american comic books and related media. it counts among its characters such well-known superheroes as spider-man, wolverine, iron man, captain america, thor, hulk, black panther, doctor strange, ant-man, daredevil, and deadpool, and such teams as the avengers, the x-men, the fantastic four, and the guardians of the galaxy."
133,Box III,1,,blue,,Blond,Marvel Comics,,193.0,110.0,"galactus () is a fictional character appearing in american comic books published by marvel comics. formerly a mortal man, he is a cosmic entity who consumes planets to sustain his life force, and serves a functional role in the upkeep of the primary marvel continuity."
134,Box IV,1,,brown,,Brown / Black,Marvel Comics,,183.0,83.0,"galactus () is a fictional character appearing in american comic books published by marvel comics. formerly a mortal man, he is a cosmic entity who consumes planets to sustain his life force, and serves a functional role in the upkeep of the primary marvel continuity."
137,Brother Voodoo,1,Male,brown,Human,Brown / White,Marvel Comics,,183.0,99.0,dr. jericho drumm is a fictional character appearing in american comic books published by marvel comics.
140,Bullseye,0,Male,blue,Human,blond,Marvel Comics,,183.0,90.0,"bullseye is a supervillain appearing in american comic books published by marvel comics. created by writer marv wolfman and artist john romita sr., the character first appeared in daredevil #131 (1976)."
142,Bumbleboy,1,Male,,,,Marvel Comics,,183.0,83.0,"a bumblebee (or bumble bee, bumble-bee, or humble-bee) is any of over 250 species in the genus bombus, part of apidae, one of the bee families. this genus is the only extant group in the tribe bombini, though a few extinct related genera (e.g., calyptapis) are known from fossils."
144,Cable,1,Male,blue,Mutant,White,Marvel Comics,,203.0,158.0,"cable (nathan christopher charles summers) is a character appearing in american comic books published by marvel comics, commonly in association with x-force and the x-men. nathan first appeared as an infant in uncanny x-men #201 (jan."
145,Callisto,0,Female,blue,,Black,Marvel Comics,,175.0,74.0,"callisto is a superhero appearing in american comic books published by marvel comics. created by writer chris claremont and artist paul smith, the character first appeared in the uncanny x-men #169 (may 1983)."
147,Cannonball,1,Male,blue,,Blond,Marvel Comics,,183.0,81.0,"cannonball (samuel zachary ""sam"" guthrie) is a superhero appearing in american comic books published by marvel comics. created by writer chris claremont and artist bob mcleod, the character first appeared in marvel graphic novel #4 (september 1982)."
148,Captain America,1,Male,blue,Human,blond,Marvel Comics,,188.0,108.0,"captain america is a superhero created by joe simon and jack kirby who appears in american comic books published by marvel comics. the character first appeared in captain america comics #1, published on december 20, 1940, by timely comics, a corporate predecessor to marvel."
150,Captain Britain,1,Male,blue,Human,Blond,Marvel Comics,,198.0,116.0,"captain britain is a title used by various superheroes in comic books published by marvel comics, commonly in association with the excalibur team of superheroes. the moniker was first used in publication by brian braddock in captain britain #1 by writer chris claremont and artist herb trimpe, and is currently held by brian's twin sister, betsy braddock."
154,Captain Mar-vell,1,Male,blue,,Blond,Marvel Comics,,188.0,108.0,"captain marvel (real name: mar-vell; earth alias walter lawson) is a character appearing in american comic books published by marvel comics. created by writer-editor stan lee and designed by artist gene colan, the character first appeared in marvel super-heroes #12 (december 1967)."
155,Captain Marvel,1,Female,blue,Human-Kree,Blond,Marvel Comics,,180.0,74.0,"captain marvel is the name of several superheroes appearing in american comic books published by marvel comics. most of these versions exist in marvel's main shared universe, known as the marvel universe."
159,Captain Planet,1,Male,red,God / Eternal,Green,Marvel Comics,,183.0,83.0,"captain marvel is the name of several superheroes appearing in american comic books published by marvel comics. most of these versions exist in marvel's main shared universe, known as the marvel universe."
160,Captain Universe,1,,,God / Eternal,,Marvel Comics,,183.0,83.0,"captain marvel is the name of several superheroes appearing in american comic books published by marvel comics. most of these versions exist in marvel's main shared universe, known as the marvel universe."
161,Carnage,0,Male,green,Symbiote,Red,Marvel Comics,,185.0,86.0,"the klyntar (), colloquially and more commonly referred to as symbiotes, are a fictional species of extraterrestrial parasitic life forms appearing in american comic books published by marvel comics, most commonly in association with spider-man. the symbiotes, as their alternative name suggest, form a symbiotic bond with their hosts, through which a single entity is created."
162,Cat,1,Female,blue,,Blond,Marvel Comics,,173.0,61.0,"black cat is a character appearing in american comic books published by marvel comics. created by marv wolfman and dave cockrum, the character first appeared in the amazing spider-man #194 in july 1979 as an adversary of the superhero spider-man, although she later becomes his on-off love interest and ally."
163,Cat II,1,Female,,,,Marvel Comics,,183.0,83.0,"black cat is a character appearing in american comic books published by marvel comics. created by marv wolfman and dave cockrum, the character first appeared in the amazing spider-man #194 in july 1979 as an adversary of the superhero spider-man, although she later becomes his on-off love interest and ally."
165,Cecilia Reyes,1,,brown,,Brown,Marvel Comics,,170.0,62.0,dr. cecilia reyes is a fictional character appearing in american comic books published by marvel comics.
166,Century,1,Male,white,Alien,White,Marvel Comics,grey,201.0,97.0,"kang the conqueror (nathaniel richards) is a supervillain appearing in american comic books published by marvel comics. created by stan lee and jack kirby, the character first appeared in fantastic four #19 (october 1963) as rama-tut, before being reinvented as kang in the avengers #8 (september 1964)."
167,Cerebra,1,Female,,Mutant,,Marvel Comics,,183.0,83.0,"cannonball (samuel zachary ""sam"" guthrie) is a superhero appearing in american comic books published by marvel comics. created by writer chris claremont and artist bob mcleod, the character first appeared in marvel graphic novel #4 (september 1982)."
168,Chamber,1,Male,brown,Mutant,Brown,Marvel Comics,,175.0,63.0,"the comic book stories published by marvel comics since the 1940s have featured several fictional teams and organizations and this page lists them.


== 0–9 ==


=== 198 ===


=== 3k ===
3k is an organization appearing in american comic books published by marvel comics."
170,Changeling,0,Male,brown,,Black,Marvel Comics,,180.0,81.0,"changeling (kevin sydney) is a fictional character appearing in american comic books published by marvel comics. created by writer roy thomas and artist werner roth, the character first appeared in the x-men #35 (aug."
178,Clea,1,,,,White,Marvel Comics,,183.0,83.0,"clea strange () is a character appearing in american comic books published by marvel comics. created by stan lee and steve ditko, clea first appeared in the doctor strange feature in strange tales #126 (november 1964)."
179,Cloak,1,Male,brown,,black,Marvel Comics,,226.0,70.0,"cloak (tyrone ""ty"" johnson) and dagger (tandy bowen) are a superhero duo appearing in american comic books published by marvel comics. created by writer bill mantlo and artist ed hannigan, the characters first appeared in peter parker, the spectacular spider-man #64 (march 1982)."
184,Colossus,1,Male,silver,Mutant,Black,Marvel Comics,,226.0,225.0,"colossus (piotr nikolayevich ""peter"" rasputin; russian: пётр николаевич распутин) is a character appearing in american comic books published by marvel comics. created by writer len wein and artist dave cockrum, he first appeared in giant-size x-men #1 (may 1975)."
186,Corsair,1,Male,brown,,Brown,Marvel Comics,,191.0,79.0,"corsair (major christopher summers, usaf) is a fictional character appearing in american comic books published by marvel comics. the character is depicted as a star-faring outlaw who leads the starjammers, the father of x-men members cyclops and havok, and the supervillain vulcan, and the grandfather of cable, spider-girl, and rachel summers."
187,Cottonmouth,0,Male,brown,Human,Black,Marvel Comics,,183.0,99.0,"cornell cottonmouth (cornell stokes) is a supervillain appearing in american comic books published by marvel comics.
the character was portrayed by mahershala ali in the first season of the marvel cinematic universe television series luke cage."
188,Crimson Crusader,1,Male,blue,,Strawberry Blond,Marvel Comics,,183.0,83.0,"crimson, in comics, may refer to:"
189,Crimson Dynamo,1,Male,brown,,No Hair,Marvel Comics,,180.0,104.0,"crimson dynamo (russian: багровое динамо, bagrovoe dinamo; also красное динамо (krasnoe dinamo)) is the name of several characters appearing in american comic books published by marvel comics who have all been powered armor–wearing russian or soviet agents who have clashed with the superhero iron man over the course of his heroic career.


== publication history ==
the anton vanko incarnation of crimson dynamo first appeared in tales of suspense #46 (october 1963), and was created by writer stan lee and artist don heck."
190,Crystal,1,Female,green,Inhuman,Red,Marvel Comics,,168.0,50.0,crystal (crystalia amaquelin) is a superhero appearing in american comic books published by marvel comics. crystal first appeared in fantastic four #45 (dec.
195,Cyclops,1,Male,brown,Mutant,Brown,Marvel Comics,,191.0,88.0,"cyclops is a superhero appearing in american comic books published by marvel comics and is a founding member of the x-men. created by writer stan lee and artist/co-plotter jack kirby, the character first appeared in the comic book the x-men."
196,Cypher,1,,blue,,Blond,Marvel Comics,,175.0,68.0,"cypher (douglas aaron ""doug"" ramsey) is a character appearing in american comic books published by marvel comics. the character appears usually in the x-men family of books, in particular those featuring the new mutants, of which cypher has been a member."
197,Dagger,1,Female,blue,,Blond,Marvel Comics,,165.0,52.0,"cloak (tyrone ""ty"" johnson) and dagger (tandy bowen) are a superhero duo appearing in american comic books published by marvel comics. created by writer bill mantlo and artist ed hannigan, the characters first appeared in peter parker, the spectacular spider-man #64 (march 1982)."
200,Daredevil,1,Male,blue,Human,Red,Marvel Comics,,183.0,90.0,no data
201,Darkhawk,1,Male,brown,Human,Brown,Marvel Comics,,185.0,81.0,"darkhawk (christopher powell) is a superhero appearing in american comic books published by marvel comics. the character first appeared in darkhawk #1 (march 1991), and was created by writer tom defalco and artist mike manley."
205,Darkstar,1,Female,brown,Mutant,Blond,Marvel Comics,,168.0,56.0,"darkstar is the name of three fictional characters appearing in american comic books published by marvel comics. created by jenny blake isabella and george tuska, the laynia petrovna krylova version of darkstar first appeared in the champions #7 (august 1976)."
210,Dazzler,1,Female,blue,Mutant,Blond,Marvel Comics,,173.0,52.0,"dazzler (alison ""ali"" blaire) is a superheroine appearing in american comic books published by marvel comics, often in association with the x-men. she first appeared in uncanny x-men #130 (february 1980)."
214,Deathlok,1,Male,brown,Cyborg,Grey,Marvel Comics,,193.0,178.0,"deathlok (also referred to as deathlok the demolisher) is the name of several fictional characters appearing in american comic books published by marvel comics. the first deathlok, luther manning, appeared in astonishing tales #25 (aug."
216,Demogoblin,0,Male,red,Demon,No Hair,Marvel Comics,,185.0,95.0,"demogoblin is a fictional character appearing in american comic books published by marvel comics.


== publication history ==

demogoblin first appeared as demogoblin in web of spider-man #86 (march 1992), and had previously appeared as an unnamed demon in spectacular spider-man #147."
217,Destroyer,0,Male,,,,Marvel Comics,,188.0,383.0,"the destroyer is the name of three superheroes appearing in american comic books published by marvel comics. the original incarnation was created by writer stan lee and artist jack binder and first appeared in mystic comics #6 (october 1941), being one of lee's earliest creations during the golden age of comic books."
218,Diamondback,0,Male,brown,Human,Black,Marvel Comics,,193.0,90.0,diamondback (willis harold stryker) is a fictional character appearing in american comic books published by marvel comics. he is primarily an enemy of luke cage and is notable for being the first major supervillain that he faced.
220,Doc Samson,1,Male,blue,Human / Radiation,Green,Marvel Comics,,198.0,171.0,"doc samson (leonard skivorski jr.) is a fictional character appearing in american comic books published by marvel comics. the character is usually depicted as a superhero and psychiatrist in the marvel universe, known as a supporting character in stories featuring the hulk."
221,Doctor Doom,0,Male,brown,Human,Brown,Marvel Comics,,201.0,187.0,"doctor doom is a supervillain appearing in american comic books published by marvel comics. created by stan lee and jack kirby, the character first appeared in the fantastic four #5 (1962), and has since endured as the archenemy of the superhero team the fantastic four."
222,Doctor Doom II,0,Male,brown,,Brown,Marvel Comics,,201.0,132.0,"doctor doom is a supervillain appearing in american comic books published by marvel comics. created by stan lee and jack kirby, the character first appeared in the fantastic four #5 (1962), and has since endured as the archenemy of the superhero team the fantastic four."
224,Doctor Octopus,0,Male,brown,Human,Brown,Marvel Comics,,175.0,110.0,"doctor octopus (dr. otto octavius), also known as doc ock for short, is a fictional character appearing in american comic books published by marvel comics."
225,Doctor Strange,1,Male,grey,Human,Black,Marvel Comics,,188.0,81.0,dr. stephen vincent strange is a fictional character appearing in american comic books published by marvel comics.
226,Domino,1,Female,blue,Human,Black,Marvel Comics,white,173.0,54.0,domino (neena thurman)  is a character appearing in american comic books published by marvel comics. the character is best known as a member of the mutant team x-force.
230,Doppelganger,0,Male,white,,No Hair,Marvel Comics,,196.0,104.0,"the doppelganger, also called the spider-doppelganger, is a supervillain appearing in american comic books published by marvel comics. it is a near-mindless duplicate of spider-man with a vicious, animal-like mind who primarily acts as a servant to other villains rather than having a full will of its own."
231,Dormammu,0,Male,yellow,,No Hair,Marvel Comics,,185.0,83.0,"dormammu () is a character appearing in american comic books published by marvel comics. created by stan lee and steve ditko, the character first appeared in strange tales #126 (november 1964)."
233,Drax the Destroyer,1,Male,red,Human / Altered,No Hair,Marvel Comics,green,193.0,306.0,"drax the destroyer (arthur sampson douglas) is a character appearing in american comic books published by marvel comics. created by jim starlin, the character first appeared in the invincible iron man #55 (february 1973)."
234,Ego,0,,,,,Marvel Comics,,183.0,83.0,ego the living planet is a fictional character appearing in american comic books published by marvel comics. the character first appeared in thor #132 (september 1966) and was created by writer stan lee and artist jack kirby.
236,Electro,0,Male,blue,Human,Auburn,Marvel Comics,,180.0,74.0,"electro () is the alias of two supervillains appearing in american comic books published by marvel comics.
created by writer stan lee and artist steve ditko, the first and best-known version of electro is maxwell ""max"" dillon, who first appeared in the amazing spider-man #9 (1964) and has since endured as one of the superhero spider-man's most recurring enemies, belonging to the collective of adversaries that make up his rogues gallery."
237,Elektra,1,Female,blue,Human,Black,Marvel Comics,,175.0,59.0,"elektra natchios (uk: , us: ) is a fictional character  appearing in american comic books published by marvel comics. she was initially created as a supporting character for the superhero matt murdock / daredevil, to whom elektra has functioned as a villainous adversary, love interest, and later, a heroic ally."
240,Emma Frost,1,Female,blue,,Blond,Marvel Comics,,178.0,65.0,"emma grace frost is a character appearing in american comic books published by marvel comics. created by writer chris claremont and artist/co-writer john byrne, the character first appeared in the uncanny x-men #129 (january 1980)."
246,Evil Deadpool,0,Male,white,Mutant,Red,Marvel Comics,,188.0,95.0,"deadpool is a character appearing in american comic books published by marvel comics. created by fabian nicieza and rob liefeld, the character first appeared in new mutants #98 (december 1990)."
247,Evilhawk,0,Male,red,Alien,Black,Marvel Comics,green,191.0,106.0,"darkhawk (christopher powell) is a superhero appearing in american comic books published by marvel comics. the character first appeared in darkhawk #1 (march 1991), and was created by writer tom defalco and artist mike manley."
248,Exodus,0,Male,blue,Mutant,Black,Marvel Comics,red,183.0,88.0,"
== tatiana caban ==


== bethany cabe ==


== caber ==

caber is a character in marvel comics.
caber is one of the celtic gods of avalon, a warrior god."
249,Fabian Cortez,0,,blue,,Brown,Marvel Comics,,196.0,96.0,"
== tatiana caban ==


== bethany cabe ==


== caber ==

caber is a character in marvel comics.
caber is one of the celtic gods of avalon, a warrior god."
250,Falcon,1,Male,brown,Human,Black,Marvel Comics,,188.0,108.0,"the falcon (samuel thomas ""sam"" wilson) is a superhero appearing in american comic books published by marvel comics. the character was introduced by writer-editor stan lee and artist gene colan in captain america #117 (sept."
251,Fallen One II,0,Male,black,,Blue,Marvel Comics,,183.0,83.0,"the beyonder () is a fictional cosmic entity appearing in american comic books published by marvel comics. created by writer jim shooter and artist mike zeck, the beyonder first appeared in secret wars #1 (may 1984) as an unseen, nigh-omnipotent being from outside the multiverse who kidnapped the heroes and villains of the marvel universe to have them do battle on battleworld, a fictional planet created by the beyonder."
253,Feral,1,,yellow (without irises),,Orange / White,Marvel Comics,,175.0,50.0,"feral (maria callasantos) is a character appearing in american comic books published by marvel comics. created by rob liefeld and fabian nicieza, she first appeared in the new mutants #99 (march 1991)."
255,Fin Fang Foom,1,Male,red,Kakarantharaian,No Hair,Marvel Comics,green,975.0,18.0,fin fang foom is a character appearing in american comic books published by marvel comics. the character has been depicted as an extraterrestrial creature resembling a dragon.
256,Firebird,1,Female,brown,,Black,Marvel Comics,,165.0,56.0,"firebird (bonita juarez) is a superhero character appearing in american comic books published by marvel comics. created by writer bill mantlo and artist sal buscema, she first appeared in incredible hulk vol."
257,Firelord,1,,white,,Yellow,Marvel Comics,,193.0,99.0,"firelord (pyreus kril) is a character appearing in american comic books published by marvel comics.


== publication history ==

firelord first appears in thor #225 (july 1974) and was created by writer gerry conway and penciler john buscema."
258,Firestar,1,Female,green,Mutant,Red,Marvel Comics,,173.0,56.0,"firestar (angelica ""angel"" jones) is a superhero appearing in media including american comic books published by marvel comics. created by john romita sr., rick hoberg, and dennis marks, the character first appeared in 1981 on the nbc animated television series spider-man and his amazing friends."
261,Fixer,0,,red,,No Hair,Marvel Comics,,183.0,83.0,"the fixer is the name of two characters appearing in american comic books published by marvel comics: roscoe sweeney and paul norbert ebersol.
roscoe sweeney was portrayed by kevin nagle in the marvel cinematic universe series daredevil while paul ebersol has appeared in animated media."
267,Forge,1,,brown,,Black,Marvel Comics,,183.0,81.0,"forge is a superhero appearing in american comic books published by marvel comics, most commonly in association with the x-men. a mutant with an unsurpassed brilliance in technology, he has had a lengthy career as a government weapons contractor."
268,Franklin Richards,1,Male,blue,Mutant,Blond,Marvel Comics,,142.0,45.0,"valeria meghan richards, originally von doom, is a character appearing in american comic books published by marvel comics. the character is the daughter of mister fantastic (reed richards) and the invisible woman (susan storm-richards) and goddaughter of doctor victor von doom."
269,Franklin Storm,1,,blue,,Grey,Marvel Comics,,188.0,92.0,"franklin storm is a character appearing in american comic books published by marvel comics. he is the father of susan storm and johnny storm, better known as invisible woman and human torch of the fantastic four, respectively."
270,Frenzy,0,Female,brown,,Black,Marvel Comics,,211.0,104.0,"frenzy is a 1972 british neo-noir thriller film directed by alfred hitchcock in the penultimate feature film of his extensive career. the screenplay by anthony shaffer is based on the 1966 novel goodbye piccadilly, farewell leicester square by arthur la bern."
271,Frigga,1,Female,blue,,White,Marvel Comics,,180.0,167.0,"frigga (sometimes called freyja) is a fictional character appearing in american comic books published by marvel comics. the character appears in particular in those featuring the superhero thor, who is frigga's son."
273,Gambit,1,Male,red,Mutant,Brown,Marvel Comics,,185.0,81.0,"gambit is a superhero appearing in american comic books published by marvel comics, usually those featuring the x-men, a group of which gambit is typically depicted as a member. the character was created by writer chris claremont and artist jim lee."
274,Gamora,1,Female,yellow,Zen-Whoberian,Black,Marvel Comics,green,183.0,77.0,"gamora is a character appearing in american comic books published by marvel comics. created by writer/artist jim starlin, the character first appeared in strange tales #180 (june 1975)."
278,Genesis,1,Male,blue,,Blond,Marvel Comics,,185.0,86.0,genesis (tyler dayspring) is a fictional character appearing in marvel comics. he was a mutant and recurring foe of cable and wolverine.
279,Ghost Rider,1,Male,red,Demon,No Hair,Marvel Comics,,188.0,99.0,"roberto ""robbie"" reyes is an antihero appearing in american comic books published by marvel comics. he is the fifth marvel character to use the name ghost rider, after carter slade (the western comics hero later known as the phantom rider), johnny blaze, danny ketch and alejandra jones."
280,Ghost Rider II,1,,,,,Marvel Comics,,183.0,83.0,ghost rider is the name of multiple superheroes or antiheroes appearing in american comic books published by marvel comics.  marvel had previously used the name for a western character whose name was later changed to phantom rider.
281,Giant-Man,1,Male,,Human,,Marvel Comics,,183.0,83.0,"giant-man is the alias used by several superheroes appearing in american comic books published by marvel comics, usually in association with the alias ant-man. hank pym first appeared as giant-man in tales to astonish #49, though he had appeared multiple times before, first in #27 as the scientist henry pym, and in #35 as ant-man."
282,Giant-Man II,1,Male,,,,Marvel Comics,,183.0,83.0,"spider-man (miles gonzalo morales ) is a superhero and the third predominant spider-man to appear in american comic books published by marvel comics, created in 2011 by writer brian michael bendis and artist sara pichelli, along with input by marvel's then-editor-in-chief axel alonso. born as a modern reimagining of the popular character, miles morales debuted in ultimate comics: fallout #4."
285,Goblin Queen,0,Female,green,,Red,Marvel Comics,,168.0,50.0,"the green goblin is the alias of several supervillains appearing in american comic books published by marvel comics. created by writer stan lee and artist steve ditko, the first and best-known incarnation of the green goblin is norman osborn, who has endured as the archenemy of the superhero spider-man, alongside doctor octopus and venom."
289,Goliath,1,Male,,,,Marvel Comics,,183.0,83.0,"goliath is a superhero comic book identity in marvel comics.


== character history ==
the goliath identity has been used by various superheroes:


=== henry pym ===

henry ""hank"" pym was the first to utilize the goliath name."
290,Goliath,1,Male,,Human,,Marvel Comics,,183.0,83.0,"goliath is a superhero comic book identity in marvel comics.


== character history ==
the goliath identity has been used by various superheroes:


=== henry pym ===

henry ""hank"" pym was the first to utilize the goliath name."
291,Goliath,1,Male,,Human,,Marvel Comics,,183.0,83.0,"goliath is a superhero comic book identity in marvel comics.


== character history ==
the goliath identity has been used by various superheroes:


=== henry pym ===

henry ""hank"" pym was the first to utilize the goliath name."
292,Goliath IV,1,Male,brown,,Black,Marvel Comics,,183.0,90.0,"the marvel epic collection is an ongoing line of color trade paperbacks that republish marvel comics in a uniform trade dress. announced in april 2013, their stated intention was to collect entire runs of characters or titles as ""big fat collections with the best price we can maintain"", in similar manner to the discontinued black-and-white essential marvel."
295,Gravity,1,Male,blue,Human,Brown,Marvel Comics,,178.0,79.0,"the blob (frederick j. ""fred"" dukes) is a fictional character appearing in american comic books published by marvel comics. the character is usually depicted as an adversary of the x-men."
298,Green Goblin,0,Male,blue,Human,Auburn,Marvel Comics,,180.0,83.0,"the green goblin is the alias of several supervillains appearing in american comic books published by marvel comics. created by writer stan lee and artist steve ditko, the first and best-known incarnation of the green goblin is norman osborn, who has endured as the archenemy of the superhero spider-man, alongside doctor octopus and venom."
299,Green Goblin II,0,Male,blue,,Auburn,Marvel Comics,,178.0,77.0,"the green goblin is the alias of several supervillains appearing in american comic books published by marvel comics. created by writer stan lee and artist steve ditko, the first and best-known incarnation of the green goblin is norman osborn, who has endured as the archenemy of the superhero spider-man, alongside doctor octopus and venom."
300,Green Goblin III,1,Male,,,,Marvel Comics,,183.0,88.0,"the green goblin is the alias of several supervillains appearing in american comic books published by marvel comics. created by writer stan lee and artist steve ditko, the first and best-known incarnation of the green goblin is norman osborn, who has endured as the archenemy of the superhero spider-man, alongside doctor octopus and venom."
301,Green Goblin IV,1,Male,green,,Brown,Marvel Comics,,178.0,79.0,"the green goblin is the alias of several supervillains appearing in american comic books published by marvel comics. created by writer stan lee and artist steve ditko, the first and best-known incarnation of the green goblin is norman osborn, who has endured as the archenemy of the superhero spider-man, alongside doctor octopus and venom."
302,Groot,1,Male,yellow,Flora Colossus,,Marvel Comics,,701.0,4.0,"groot () is a character appearing in american comic books published by marvel comics. created by stan lee, larry lieber and jack kirby, the character first appeared in tales to astonish #13 (november 1960)."
303,Guardian,1,Male,brown,Human,Black,Marvel Comics,,183.0,83.0,"guardian (james hudson; also known as weapon alpha or vindicator) is a fictional superhero appearing in american comic books published by marvel comics. created by john byrne, the character made his first appearance in the uncanny x-men #109 (february 1978) which was co-plotted by byrne and his long-time collaborator chris claremont."
310,Havok,1,Male,blue,Mutant,Blond,Marvel Comics,,183.0,79.0,"havok is a fictional character appearing in american comic books published by marvel comics, commonly in association with the x-men. he first appears in the x-men #54 (march 1969), and was created by writer arnold drake and penciller don heck."
312,Hawkeye,1,Male,blue,Human,Blond,Marvel Comics,,191.0,104.0,"hawkeye (clinton francis ""clint"" barton) is a character appearing in american comic books published by marvel comics. created by writer stan lee and artist don heck, the character first appeared as a supervillain in tales of suspense #57 (september 1964) and later joined the avengers as a superhero in the avengers #16 (may 1965)."
313,Hawkeye II,1,Female,blue,Human,Black,Marvel Comics,,165.0,57.0,"hawkeye (clinton francis ""clint"" barton) is a character appearing in american comic books published by marvel comics. created by writer stan lee and artist don heck, the character first appeared as a supervillain in tales of suspense #57 (september 1964) and later joined the avengers as a superhero in the avengers #16 (may 1965)."
320,Hela,0,Female,green,Asgardian,Black,Marvel Comics,,213.0,225.0,"hela () is a fictional character appearing in american comic books published by marvel comics. she is based on the goddess hel from norse mythology, and was first adapted by stan lee and jack kirby in journey into mystery #102."
322,Hellcat,1,Female,blue,Human,Red,Marvel Comics,,173.0,61.0,"patricia ""patsy"" walker is a superhero appearing in american comic books published by marvel comics. created by stuart little and ruth atkinson, patsy walker first appeared in miss america magazine #2 (november 1944), published by marvel precursor timely comics, and became hellcat in the avengers #144 (february 1976)."
323,Hellstorm,1,Male,red,,Red,Marvel Comics,,185.0,81.0,no data
324,Hercules,1,Male,blue,Demi-God,Brown,Marvel Comics,,196.0,146.0,"hercules panhellenios is a character appearing in american comic books published by marvel comics. debuting in the silver age of comic books, the character is based on heracles of greek mythology (despite using the name of his roman equivalent, hercules)."
327,Hobgoblin,0,Male,blue,,Grey,Marvel Comics,,180.0,83.0,"the hobgoblin is a costumed identity of supervillains appearing in american comic books published by marvel comics, most of whom are depicted as enemies of the superhero spider-man and belong to the collective of adversaries that make up his rogues gallery. created by writer roger stern and artist john romita jr., the hobgoblin was introduced in the amazing spider-man #238 (march 1983) as a criminal mastermind equipped with halloween-themed weapons similar to those used by the green goblin."
328,Hollow,1,Female,blue,,Red,Marvel Comics,,170.0,83.0,"m, or penance (monet yvette clarisse maria therese st. croix), is a mutant superheroine appearing in american comic books published by marvel comics."
329,Hope Summers,1,Female,green,,Red,Marvel Comics,,168.0,48.0,"hope summers is a character appearing in american comic books published by marvel comics. created by mike carey and chris bachalo, the character first appeared in x-men #205 (jan 2008, during the ""x-men: messiah complex"" storyline)."
330,Howard the Duck,1,Male,brown,,Yellow,Marvel Comics,,79.0,18.0,"howard the duck is a fictional character appearing in american comic books published by marvel comics. the character was created by writer steve gerber, based very loosely on his college friend howard tockman, and artist val mayerik."
331,Hulk,1,Male,green,Human / Radiation,Green,Marvel Comics,green,244.0,630.0,"the hulk is a superhero appearing in american comic books published by marvel comics. created by writer stan lee and artist jack kirby, the character first appeared in the debut issue of the incredible hulk (may 1962)."
332,Human Torch,1,Male,blue,Human / Radiation,Blond,Marvel Comics,,178.0,77.0,"the human torch (jonathan lowell spencer ""johnny"" storm) is a superhero character appearing in american comic books published by marvel comics. the character is a founding member of the fantastic four."
334,Husk,1,Female,blue,Mutant,Blond,Marvel Comics,,170.0,58.0,"husky is a general term for a type of dog used in the polar regions, primarily and specifically for work as sled dogs. it also refers to a traditional northern type, notable for its cold-weather tolerance and overall hardiness."
335,Hybrid,1,Male,brown,Symbiote,Black,Marvel Comics,,175.0,77.0,"
== hack ==
hack is a character appearing in american comic books published by marvel comics.
little is known about hack before he made his appearance on the desolate island of genosha."
336,Hydro-Man,0,Male,brown,,Brown,Marvel Comics,,188.0,119.0,"hydro-man (morris ""morrie"" bench) is a supervillain appearing in american comic books published by marvel comics. created by writer dennis o'neil and artist john romita jr., the character first appeared in the amazing spider-man #212 (january 1981)."
337,Hyperion,1,Male,blue,Eternal,Red,Marvel Comics,,183.0,207.0,"hyperion is a superhero appearing in american comic books published by marvel comics, of which there are several notable versions. created by writer roy thomas and artist sal buscema, the original hyperion made his debut in the avengers #69 (october 1969)."
338,Iceman,1,Male,brown,Mutant,Brown,Marvel Comics,,173.0,65.0,no data
342,Ink,1,Male,blue,Mutant,No Hair,Marvel Comics,,180.0,81.0,"this is a list of characters associated with the marvel comics character punisher.


== family ==


=== tree ===


=== frank castle jr. ==="
343,Invisible Woman,1,Female,blue,Human / Radiation,Blond,Marvel Comics,,168.0,54.0,"the invisible woman (susan ""sue"" storm-richards) is a superhero appearing in american comic books published by marvel comics. created by stan lee and jack kirby, the character first appeared in the fantastic four #1 (november 1961)."
344,Iron Fist,1,Male,blue,Human,Blond,Marvel Comics,,180.0,79.0,"iron fist (daniel thomas ""danny"" rand) is a superhero appearing in american comic books published by marvel comics. created by roy thomas and gil kane and inspired by kung fu films, iron fist first appeared in marvel premiere #15 (may 1974)."
345,Iron Man,1,Male,blue,Human,Black,Marvel Comics,,198.0,191.0,"iron man is a superhero appearing in american comic books published by marvel comics. co-created by writer and editor stan lee, developed by scripter larry lieber, and designed by artists don heck and jack kirby, the character first appeared in tales of suspense #39 in 1962 (cover dated march 1963) and received his own title with iron man #1 in 1968."
346,Iron Monger,0,Male,blue,,No Hair,Marvel Comics,,183.0,2.0,"iron monger is an alias used by multiple fictional characters, supervillains appearing in american comic books published by marvel comics. the most well-known version, obadiah stane, first appeared in iron man #163 (oct."
349,Jack of Hearts,1,Male,blue / white,Human,Brown,Marvel Comics,,155.0,79.0,"jack of hearts (jack hart) is a fictional superhero appearing in american comic books published by marvel comics. the character first appeared in the deadly hands of kung fu #22 (march 1976), and was created by writer bill mantlo and artist keith giffen."
355,Jean Grey,1,Female,green,Mutant,Red,Marvel Comics,,168.0,52.0,dr. jean elaine grey is a character appearing in american comic books published by marvel comics.
357,Jennifer Kale,1,Female,blue,,Blond,Marvel Comics,,168.0,55.0,"jennifer kale is a character appearing in american comic books published by marvel comics. created by writer steve gerber and artist rich buckler, the character first appeared in adventure into fear #11 (december 1972)."
360,Jessica Jones,1,Female,brown,Human,Brown,Marvel Comics,,170.0,56.0,"jessica campbell jones-cage, professionally known as jessica jones, is a superheroine appearing in american comic books published by marvel comics. the character was created by writer brian michael bendis and artist michael gaydos and first appeared in alias #1 (november 2001) as part of marvel's max, an imprint for more mature content, and was later retroactively established to have first appeared in the amazing spider-man #4 (june 1963) in the silver age of comic books as an unnamed classmate of peter parker, created by writer-editor stan lee and artist steve ditko."
362,Jigsaw,0,Male,blue,,Black,Marvel Comics,,188.0,113.0,"jigsaw (william ""billy"" russo, also known as ""the beaut"" before his disfigurement) is a supervillain appearing in american comic books published by marvel comics. created by writer len wein and artist ross andru, the character made his first full appearance in the amazing spider-man #162 (november 1976)."
368,John Wraith,1,Male,brown,,Black,Marvel Comics,,183.0,88.0,kestrel (john wraith) is a character appearing in american comic books published by marvel comics. he is depicted as a test subject of weapon x alongside his former team x teammates.
370,Jolt,1,Female,blue,,Black,Marvel Comics,,165.0,49.0,"
== j'son ==


== j2 ==


== jack flag ==


== jack frost ==


=== gregor shapanka ===


== jack o'lantern ==


=== jason macendale ===


== jack of hearts ==


== jackdaw ==

jackdaw is a character featured in the marvel comics universe. he was created by dez skinn, steve parkhouse, paul neary and john stokes, and first appeared in the incredible hulk weekly #57 (april 1980)."
371,Jubilee,1,Female,red,Mutant,Black,Marvel Comics,,165.0,52.0,"jubilee (jubilation lee) is a superhero appearing in american comic books published by marvel comics. created by writer chris claremont and artist marc silvestri, the character first appeared in uncanny x-men #244 (may 1989)."
374,Junkpile,0,Male,,Mutant,,Marvel Comics,,183.0,83.0,"marvel 2099 was a marvel comics imprint, started in 1992, that was originally about one possible future of the marvel universe, but later revealed to be the earth of the main marvel continuity in the distant future. it was originally announced by stan lee in his ""stan's soapbox"" column as a single series entitled the marvel world of tomorrow, which was being developed by lee and john byrne."
375,Justice,1,Male,hazel,Human,Brown,Marvel Comics,,178.0,81.0,"shazam (), also known as  captain marvel and the captain, is a superhero in american comic books originally published by fawcett comics and currently published by dc comics. artist c. c. beck and writer bill parker created the character in 1939."
378,Kang,0,Male,brown,,Brown,Marvel Comics,,191.0,104.0,"kang the conqueror (nathaniel richards) is a supervillain appearing in american comic books published by marvel comics. created by stan lee and jack kirby, the character first appeared in fantastic four #19 (october 1963) as rama-tut, before being reinvented as kang in the avengers #8 (september 1964)."
391,Kingpin,0,Male,blue,Human,No Hair,Marvel Comics,,201.0,203.0,"the kingpin (wilson grant fisk) is a supervillain appearing in american comic books published by marvel comics. the character was created by stan lee and john romita sr., and first appeared in the amazing spider-man #50 (cover-dated july 1967)."
392,Klaw,0,Male,red,Human,No Hair,Marvel Comics,red,188.0,97.0,"klaw (ulysses klaue) is a supervillain appearing in american comic books published by marvel comics. the character is depicted as a human physicist who has been transformed into solid sound, and who wears a sonic emitter on his right wrist as a prosthetic device."
394,Kraven II,0,Male,brown,Human,Black,Marvel Comics,,191.0,99.0,no data
395,Kraven the Hunter,0,Male,brown,Human,Black,Marvel Comics,,183.0,106.0,kraven the hunter is a 2024 american superhero film featuring the character from marvel comics. it is the sixth film in sony's spider-man universe (ssu).
399,Lady Bullseye,0,Female,,,Black,Marvel Comics,,183.0,83.0,"bullseye is a supervillain appearing in american comic books published by marvel comics. created by writer marv wolfman and artist john romita sr., the character first appeared in daredevil #131 (1976)."
400,Lady Deathstrike,0,Female,brown,Cyborg,Black,Marvel Comics,,175.0,58.0,"lady deathstrike (yuriko oyama), occasionally spelled deathstryke, is a supervillain appearing in american comic books published by marvel comics. she is a foe of the x-men, especially wolverine."
401,Leader,0,Male,green,,No Hair,Marvel Comics,,178.0,63.0,"the leader (samuel sterns) is a supervillain appearing in american comic books published by marvel comics. the leader first appeared in tales to astonish #62 (december 1964), created by writer stan lee and artist steve ditko as the archenemy of the hulk."
402,Leech,1,Male,,,,Marvel Comics,,183.0,83.0,"leech is a fictional character appearing in american comic books published by marvel comics.
leech made his first appearance in uncanny x-men as a morlock, a group of mutants whose deformities force them to live in the sewers under manhattan."
403,Legion,1,Male,green / blue,Mutant,Black,Marvel Comics,,175.0,59.0,"legion (david charles haller) is a fictional character appearing in american comic books published by marvel comics, typically as a villain or supporting character in stories featuring the x-men and related characters.
he is the mutant son of charles xavier and gabrielle haller."
409,Living Brain,0,,yellow,,,Marvel Comics,,198.0,360.0,"the living brain is the name of two supervillains appearing in american comic books published by marvel comics. created by writer stan lee and artist steve ditko, the original living brain first appears in the amazing spider-man #8 and has made few subsequent appearances since."
412,Lizard,0,Male,red,Human,No Hair,Marvel Comics,,203.0,230.0,"the lizard (dr. curtis ""curt"" connors) is a character appearing in american comic books published by marvel comics."
414,Loki,0,Male,green,Asgardian,Black,Marvel Comics,,193.0,236.0,"loki laufeyson is a character appearing in american comic books published by marvel comics. created by writer stan lee, scripter larry lieber, and penciller jack kirby, he is based on the norse mythological deity of the same name."
415,Longshot,1,Male,blue,Human,Blond,Marvel Comics,,188.0,36.0,"longshot is a superhero appearing in american comic books published by marvel comics, most commonly in association with the x-men. created by writer ann nocenti and artist art adams, he first appeared in longshot #1 (september 1985), the first issue of a six-issue miniseries that represents the first major work of both nocenti and adams."
416,Luke Cage,1,Male,brown,Human,Black,Marvel Comics,,198.0,191.0,"lucas ""luke"" cage, born carl lucas and also known as power man, is a superhero appearing in american comic books published by marvel comics. created by archie goodwin, george tuska, roy thomas, and john romita sr."
419,Luna,1,Female,,Human,,Marvel Comics,,183.0,83.0,"
== la lunatica ==


== lactuca the knower ==

lactuca the knower is a character appearing in american comic books published by marvel comics. she first appeared in planet-size x-men #1 (august 2021), created by gerry duggan and pepe larraz."
420,Lyja,1,Female,green,,Green,Marvel Comics,,183.0,83.0,"lyja is a fictional character appearing in american comic books published by marvel comics. a skrull, she possesses the ability to shapeshift into almost any humanoid or animal form."
421,Mach-IV,0,Male,brown,,Brown,Marvel Comics,,180.0,79.0,"abner jenkins, also known as the beetle, mach-1, mach-2, mach-3,  mach-iv, mach-v, mach-vii and mach-x, is a character appearing in american comic books published by marvel comics. created by writer stan lee and artist carl burgos, he debuted in strange tales #123 (august 1964) as the original beetle, a supervillain wearing an armor plated, mechanical suit he had designed himself after growing frustrated with his ordinary job as an aircraft mechanic and deciding to turn to crime."
422,Machine Man,1,,red,,Black,Marvel Comics,,183.0,383.0,"machine man (also known as aaron stack, mister machine and serial number z2p45-9-x-51 or x-51 for short) is an android superhero appearing in american comic books published by marvel comics. the character was created by jack kirby for 2001: a space odyssey #8 (july 1977), a comic written and drawn by kirby featuring concepts based on the eponymous 1968 stanley kubrick feature film and arthur c. clarke's 1968 novel."
423,Magneto,0,Male,grey,Mutant,White,Marvel Comics,,188.0,86.0,"magneto () is a character appearing in american comic books published by marvel comics, commonly in association with the x-men. created by writer stan lee and artist/co-writer jack kirby, the character first appeared in the x-men #1 (cover-dated september 1963) as an adversary of the x-men."
425,Magus,0,Male,black,,,Marvel Comics,,183.0,83.0,"magnus, meaning ""great"" in latin, was used as cognomen of gnaeus pompeius magnus in the first century bc. the best-known use of the name during the roman empire is for the fourth-century western roman emperor magnus maximus. the name gained wider popularity in the middle ages among various european peoples and their royal houses, being introduced to them upon being converted to the latin-speaking catholic christianity."
428,Man-Thing,1,Male,red,,No Hair,Marvel Comics,green,213.0,225.0,"the man-thing (dr. theodore ""ted"" sallis) is a fictional character appearing in american comic books published by marvel comics."
429,Man-Wolf,1,Male,brown,,Auburn,Marvel Comics,,188.0,90.0,"john jonah jameson iii (also known as colonel jupiter, the man-wolf and the stargod) is a fictional character appearing in american comic books published by marvel comics. the character is depicted as the son of j. jonah jameson, and a friend to peter parker."
430,Mandarin,0,Male,blue,Human,White,Marvel Comics,,188.0,97.0,the mandarin is a supervillain appearing in american comic books published by marvel comics. he is the archenemy of iron man.
431,Mantis,1,Female,green,Human-Kree,Black,Marvel Comics,green,168.0,52.0,"mantis is a character appearing in american comic books published by marvel comics. created by writer steve englehart and artist don heck, the character first appeared in the avengers #112 (june 1973)."
433,Marvel Girl,1,Female,green,,Red,Marvel Comics,,170.0,56.0,quicksilver (pietro django maximoff) is a fictional character appearing in american comic books published by marvel comics. the character first appeared in the comic book the x-men #4 (march 1964) and was created by stan lee and jack kirby.
438,Maverick,1,Male,blue,,Black,Marvel Comics,,193.0,110.0,"david north (christoph ""christopher"" nord) is a character appearing in american comic books published by marvel comics. he is primarily known as maverick and went by agent zero while operating within the weapon x program."
441,Medusa,1,Female,green,Inhuman,Red,Marvel Comics,,180.0,59.0,"medusa (medusalith amaquelin-boltagon) is a character appearing in american comic books published by marvel comics. created by stan lee and jack kirby, the character first appeared in fantastic four #36 (1965)."
442,Meltdown,1,Female,blue,,Blond,Marvel Comics,,165.0,54.0,"marvel comics is a publisher of american comic books and related media. it counts among its characters such well-known superheroes as spider-man, wolverine, iron man, captain america, thor, hulk, black panther, doctor strange, ant-man, daredevil, and deadpool, and such teams as the avengers, the x-men, the fantastic four, and the guardians of the galaxy."
443,Mephisto,0,Male,white,,Black,Marvel Comics,,198.0,140.0,"mephisto is a fictional character appearing in american comic books published by marvel comics. the character first appeared in silver surfer #3 (december 1968), and was created by stan lee and john buscema and based on mephistopheles: a demon character from the faust legend, who has sometimes been referred to as mephisto."
447,Meteorite,1,Female,,,,Marvel Comics,,183.0,83.0,"the marvel cinematic universe (mcu) media franchise features many fictional elements, including locations, weapons, and artifacts. many are based on elements that originally appeared in the american comic books published by marvel comics, while others were created for the mcu.


== locations ==


=== earth ===
the avengers compound, also known as the new avengers facility, is the primary base of operations of the avengers and is located on the coast of the hudson river in upstate new york."
452,Mimic,1,Male,brown,,Brown,Marvel Comics,,188.0,101.0,"mimic (calvin montgomery rankin) is a fictional character appearing in american comic books published by marvel comics. he was briefly a member of the x-men in the 1960s, and was the first character to be added to the team after the original line-up and the first x-man who was not a mutant."
456,Mister Fantastic,1,Male,brown,Human / Radiation,Brown,Marvel Comics,,185.0,81.0,mister fantastic (reed richards) is a superhero appearing in american comic books published by marvel comics. he was created by stan lee and jack kirby.
458,Mister Knife,0,Male,blue,Spartoi,Brown,Marvel Comics,,183.0,83.0,"
== sabra ==


== sabreclaw ==
sabreclaw (hudson logan) is a character appearing in american comic books published by marvel comics who first appeared in j2 #8 (may 1999). he is the half-brother of wild thing and son of wolverine."
460,Mister Sinister,0,Male,red,Human / Altered,Black,Marvel Comics,,196.0,128.0,mister sinister (dr. nathaniel essex) is a supervillain appearing in american comic books published by marvel comics.
462,Mockingbird,1,Female,blue,Human,Blond,Marvel Comics,,175.0,61.0,"barbara ""bobbi"" morse is a fictional superhero appearing in american comic books published by marvel comics. the character first appeared in astonishing tales #6 in 1971 as a supporting character and eventual love interest of ka-zar, with a ph.d. in biology."
463,MODOK,0,Male,white,Cyborg,Brownn,Marvel Comics,,366.0,338.0,"modok ( moh-dok; also written as m.o.d.o.k.; an acronym for mental/mobile/mechanized organism designed only for killing) is a fictional character appearing in american comic books published by marvel comics. created by stan lee and jack kirby, the character first appeared in tales of suspense #93 (september 1967)."
467,Molten Man,0,Male,gold,,Gold,Marvel Comics,,196.0,248.0,"molten man (mark raxton) is a fictional character appearing in american comic books published by marvel comics. once a chemical engineer who longed to get rich, mark raxton was caught in an accident that saw his body get covered by an experimental organic-liquid metal alloy, which granted him superpowers, including the ability to generate extreme heat and radiation."
470,Moon Knight,1,Male,brown,Human,Brown,Marvel Comics,,188.0,101.0,"moon knight is a superhero appearing in american comic books published by marvel comics. created by writer doug moench and artist don perlin, the character first appeared in werewolf by night #32 (august 1975)."
471,Moonstone,0,Female,blue,,Blond,Marvel Comics,,180.0,59.0,the thunderbolts are an antihero/supervillain/superhero team appearing in american comic books published by marvel comics. the team consists mostly of reformed supervillains.
472,Morlun,0,Male,white / red,,Black,Marvel Comics,,188.0,79.0,"morlun () is a supervillain appearing in american comic books published by marvel comics. created by j. michael straczynski and john romita jr., the character first appeared in the amazing spider-man vol."
473,Morph,1,Male,white,,No Hair,Marvel Comics,,178.0,79.0,"changeling (kevin sydney) is a fictional character appearing in american comic books published by marvel comics. created by writer roy thomas and artist werner roth, the character first appeared in the x-men #35 (aug."
474,Moses Magnum,0,Male,brown,,Black,Marvel Comics,,175.0,72.0,"
== m'kraan ==


== m-11 ==
m-11 is a character appearing in american comic books published by marvel comics.
originally known as the human robot, the character was named ""m-11"" in the 2006 to 2007 agents of atlas miniseries as an allusion to its first appearance in menace #11 from atlas comics (marvel comics' 1950s predecessor)."
475,Mr Immortal,1,Male,blue,Mutant,Blond,Marvel Comics,,188.0,70.0,mr. immortal (craig hollis) is a fictional superhero appearing in american comic books published by marvel comics.
477,Ms Marvel II,1,Female,blue,,Red,Marvel Comics,,173.0,61.0,"captain marvel is the name of several superheroes appearing in american comic books published by marvel comics. most of these versions exist in marvel's main shared universe, known as the marvel universe."
478,Multiple Man,1,Male,blue,,Brown,Marvel Comics,,180.0,70.0,whiplash is the name of multiple supervillains appearing in american comic books published by marvel comics. they are commonly depicted as members of iron man's rogues gallery.
479,Mysterio,0,Male,brown,Human,No Hair,Marvel Comics,,180.0,79.0,"mysterio is the alias of several supervillains appearing in american comic books published by marvel comics. created by stan lee and steve ditko, the character first appeared in the amazing spider-man #13 (june 1964)."
480,Mystique,0,Female,yellow (without irises),Mutant,Red / Orange,Marvel Comics,blue,178.0,54.0,"mystique is a character appearing in american comic books published by marvel comics. created by writer chris claremont and artist david cockrum, the character first appeared in ms."
481,Namor,1,Male,,,,Marvel Comics,,183.0,83.0,"marvel comics is an american comic book publisher, a property of the walt disney company since december 31, 2009, and a subsidiary of disney publishing worldwide since march 2023. marvel was founded in 1939 by martin goodman as timely comics, and by 1951 had generally become known as atlas comics."
482,Namor,1,Male,grey,Atlantean,Black,Marvel Comics,,188.0,125.0,"marvel comics is an american comic book publisher, a property of the walt disney company since december 31, 2009, and a subsidiary of disney publishing worldwide since march 2023. marvel was founded in 1939 by martin goodman as timely comics, and by 1951 had generally become known as atlas comics."
483,Namora,1,Female,blue,,Blond,Marvel Comics,,180.0,85.0,"namora () (aquaria nautica neptunia) is a character appearing in american comic books published by marvel comics. created by artists ken bald and syd shores, the character first appeared in marvel mystery comics #82 (may 1947)."
484,Namorita,1,Female,blue,,Blond,Marvel Comics,,168.0,101.0,"namorita prentiss is a superhero appearing in american comic books published by marvel comics. created by writer and artist bill everett, the character first appeared in sub-mariner #50 (june 1972)."
487,Nebula,0,Female,blue,Luphomoid,No Hair,Marvel Comics,blue,185.0,83.0,"nebula is a character appearing in american comic books published by marvel comics. created by roger stern and john buscema, the character first appeared in the avengers #257 (july 1985)."
488,Negasonic Teenage Warhead,1,Female,black,Mutant,Black,Marvel Comics,,183.0,83.0,"negasonic teenage warhead (eloise olivia ""ellie"" phimister) is a superheroine appearing in american comic books published by marvel comics. created by grant morrison and frank quitely, the character first appeared in new x-men #115 (2001)."
489,Nick Fury,1,Male,brown,Human,Brown / White,Marvel Comics,,185.0,99.0,"nicholas joseph ""nick"" fury jr. (sgt."
490,Nightcrawler,1,Male,yellow,,Indigo,Marvel Comics,,175.0,88.0,"nightcrawler is a superhero appearing in american comic books published by marvel comics, commonly in association with the x-men. created by artist dave cockrum, he debuted in the comic book giant-size x-men #1 (may 1975)."
495,Northstar,1,Male,blue,,Black,Marvel Comics,,180.0,83.0,"northstar (jean-paul beaubier) is a fictional superhero appearing in american comic books published by marvel comics. created by chris claremont and john byrne, the character first appeared in the uncanny x-men #120 (april 1979) as a member of the canadian superhero team alpha flight."
496,Nova,1,Male,brown,Human,Brown,Marvel Comics,,185.0,86.0,"nova (richard ""rich"" rider) is a character appearing in american comic books published by marvel comics. the character appeared historically as the star of his own series, and at other times, as a supporting character in team books such as the new warriors."
497,Nova,1,Female,white,Human / Cosmic,Red,Marvel Comics,gold,163.0,59.0,"nova (richard ""rich"" rider) is a character appearing in american comic books published by marvel comics. the character appeared historically as the star of his own series, and at other times, as a supporting character in team books such as the new warriors."
498,Odin,1,Male,blue,God / Eternal,White,Marvel Comics,,206.0,293.0,"odin borson, the all-father is a fictional character appearing in american comic books published by marvel comics. first mentioned in journey into mystery #85 (oct."
500,Omega Red,0,Male,red,,Blond,Marvel Comics,,211.0,191.0,"omega red (arkady gregorivich rossovich) is a fictional character appearing in american comic books published by marvel comics, most commonly in association with the x-men. in 2009, omega red was ranked as ign's 95th-greatest comic book villain of all time."
504,Onslaught,0,Male,red,Mutant,No Hair,Marvel Comics,,305.0,405.0,"onslaught is a character appearing in american comic books published by marvel comics. created by writers scott lobdell and mark waid, and artist andy kubert, he first appeared in 1996 as a cameo in x-men: prime #1 before making his first full appearance in x-men vol."
511,Penance,1,,,,,Marvel Comics,,183.0,83.0,"robert ""robbie"" baldwin is a superhero appearing in american comic books published by marvel comics. created by artist steve ditko and writer tom defalco, the character first appeared in the amazing spider-man annual #22 (january 1988) originally known as speedball, as well as in civil war: front line #10 (january 2007) as penance."
512,Penance I,1,Female,,,,Marvel Comics,,183.0,83.0,"the hood (parker robbins) is a supervillain appearing in american comic books published by marvel comics. created by writer brian k. vaughan and artists kyle hotz and eric powell, the character first appeared in hood #1 (july 2002)."
513,Penance II,1,Male,blue,,Blond,Marvel Comics,,183.0,89.0,"the hood (parker robbins) is a supervillain appearing in american comic books published by marvel comics. created by writer brian k. vaughan and artists kyle hotz and eric powell, the character first appeared in hood #1 (july 2002)."
518,Phoenix,1,Female,green,Mutant,Red,Marvel Comics,,168.0,52.0,"the phoenix force is a fictional entity appearing in american comic books published by marvel comics. created by chris claremont and dave cockrum, the phoenix force is famous for its central role in the dark phoenix saga storyline, and is intrinsically linked to jean grey."
519,Plantman,0,Male,green,Mutant,Grey,Marvel Comics,,183.0,87.0,"plantman is the name of two supervillains appearing in american comic books published by marvel comics: samuel smithers (created by stan lee, joe carter, and dick ayers) and paul (created by nick spencer and ramon rosanas), both with the ability to control plants, samuel via technology and paul via biology. samuel also goes by the name blackheath as a member of the thunderbolts."
524,Polaris,1,Female,green,Mutant,Green,Marvel Comics,,170.0,52.0,polaris (dr. lorna sally dane) is a character appearing in american comic books published by marvel comics.
526,Power Man,1,Male,,Mutant,,Marvel Comics,,183.0,83.0,whiplash is the name of multiple supervillains appearing in american comic books published by marvel comics. they are commonly depicted as members of iron man's rogues gallery.
528,Professor X,1,Male,blue,Mutant,No Hair,Marvel Comics,,183.0,86.0,"storm is a superhero appearing in american comic books published by marvel comics. created by writer len wein and artist dave cockrum, the character first appeared in giant-size x-men #1 (may 1975)."
530,Proto-Goblin,0,Male,green,,Blond,Marvel Comics,,183.0,83.0,"spider-man is a superhero in american comic books published by marvel comics. created by writer-editor stan lee and artist steve ditko, he first appeared in the anthology comic book amazing fantasy #15 (august 1962) in the silver age of comic books."
531,Psylocke,1,Female,blue,Mutant,Purple,Marvel Comics,,180.0,70.0,"psylocke is the alias of two connected characters appearing in american comic books published by marvel comics, commonly in association with the x-men. both characters are depicted as mutants, a subspecies of humans born with an ""x-gene"" that grants superhuman abilities."
532,Punisher,1,Male,blue,Human,Black,Marvel Comics,,183.0,90.0,"the punisher (francis g. ""frank"" castle, born castiglione) is an antihero appearing in american comic books published by marvel comics. the character was created by writer gerry conway and artists john romita sr."
533,Purple Man,0,Male,purple,Human,Purple,Marvel Comics,purple,180.0,74.0,"the purple man is a supervillain appearing in american comic books published by marvel comics. created by writer stan lee and artist joe orlando, the character first appeared in daredevil #4 (1964)."
534,Pyro,0,Male,blue,,Blond,Marvel Comics,,178.0,68.0,"pyro is the name of two fictional characters appearing in american comic books published by marvel comics.
the first character known as pyro is st."
538,Quicksilver,1,Male,blue,Mutant,Silver,Marvel Comics,,183.0,79.0,quicksilver (pietro django maximoff) is a fictional character appearing in american comic books published by marvel comics. the character first appeared in the comic book the x-men #4 (march 1964) and was created by stan lee and jack kirby.
539,Quill,1,Male,brown,,Brown,Marvel Comics,,163.0,56.0,"
== quagmire ==
quagmire (jerome meyers) is a villain from the squadron supreme's universe and member of the institute of evil. he first appeared in squadron supreme #4 (december 1985), and was created by mark gruenwald."
546,Razor-Fist II,0,Male,blue,,No Hair,Marvel Comics,,191.0,117.0,razor fist is the name of three different supervillains appearing in american comic books published by marvel comics. the original razor fist was killed off in the comic books many years ago.
552,Red Skull,0,Male,blue,,No Hair,Marvel Comics,,188.0,108.0,"the red skull is the alias of several supervillains appearing in american comic books published by marvel comics. created by france herron, jack kirby, and joe simon, the character first appeared in captain america comics #1 (march 1941), in which his secret identity is revealed to be george maxon, but would later be retroactively established as merely a decoy who was working for the real red skull, johann shmidt."
558,Rhino,0,Male,brown,Human / Radiation,Brown,Marvel Comics,,196.0,320.0,"the rhino  (aleksei sytsevich; russian: алексей сицевич) is a fictional character appearing in american comic books published by marvel comics. he was created by writer stan lee and artist john romita sr., and first appeared in the amazing spider-man #41 (oct."
562,Ripcord,1,Female,green,,Black,Marvel Comics,,180.0,72.0,"stacy x (miranda leevald) is a fictional character appearing in american comic books published by marvel comics. created by writer joe casey and artist tom raney, she first appeared in uncanny x-men #399 (november 2001), when she was known as x-stacy, and later became known as ripcord."
568,Rocket Raccoon,1,Male,brown,Animal,Brown,Marvel Comics,,122.0,25.0,"rocket raccoon is a character appearing in american comic books published by marvel comics. created by writer bill mantlo and artist keith giffen, the character first appeared in marvel preview #7 (july 1976)."
569,Rogue,1,Female,green,,Brown / White,Marvel Comics,,173.0,54.0,"rogue is a character appearing in american comic books published by marvel comics, commonly in association with the x-men. created by writer chris claremont and artist michael golden, she first appeared in avengers annual #10 (1981)."
570,Ronin,1,Male,blue,Human,Blond,Marvel Comics,,191.0,104.0,no data
572,Sabretooth,0,Male,amber,Mutant,Blond,Marvel Comics,,198.0,171.0,"sabretooth is a character appearing in american comic books published by marvel comics. created by chris claremont and john byrne, he first appeared in iron fist #14 (august 1977) and was initially depicted as a serial killer known as ""the slasher"", before being developed into a villain associated with the x-men during the ""mutant massacre"" crossover in 1986."
573,Sage,1,Female,blue,,Black,Marvel Comics,,170.0,61.0,"sage, real name teresia karisik, is a character appearing in american comic books published by marvel comics. she has most often been associated with the x-men and the hellfire club, whom she spied upon under the alias tessa for charles xavier."
575,Sasquatch,1,Male,red,,Orange,Marvel Comics,,305.0,900.0,sasquatch (walter langkowski) is a superhero appearing in american comic books published by marvel comics. he first appeared in the uncanny x-men #120 (april 1979) and was created by john byrne and chris claremont.
579,Scarlet Spider,1,Male,blue,Human,Blond,Marvel Comics,,178.0,74.0,"the scarlet spider is an alias used by several fictional characters appearing in american comic books published by marvel comics, most notably ben reilly and kaine parker, both of whom are genetic clones of peter parker, the superhero spider-man. his main costume is similar to spider-man's consisting of a red spandex bodysuit and mask complemented by a blue sleeveless hoodie sweatshirt adorned with a large spider symbol on both sides, along with a utility belt and bulkier web-shooters around his wrists."
580,Scarlet Spider II,1,Male,brown,Clone,Brown,Marvel Comics,,193.0,113.0,"mephisto is a fictional character appearing in american comic books published by marvel comics. the character first appeared in silver surfer #3 (december 1968), and was created by stan lee and john buscema and based on mephistopheles: a demon character from the faust legend, who has sometimes been referred to as mephisto."
581,Scarlet Witch,0,Female,blue,Mutant,Brown,Marvel Comics,,170.0,59.0,"the scarlet witch is a fictional character appearing in american comic books published by marvel comics. created by writer stan lee and artist jack kirby, the character first appeared in the x-men #4 in march 1964, in the silver age of comic books."
582,Scorpia,0,Female,green,,Red,Marvel Comics,,183.0,83.0,no data
583,Scorpion,0,Male,brown,Human,Brown,Marvel Comics,,211.0,310.0,no data
584,Sebastian Shaw,0,Male,,Mutant,,Marvel Comics,,183.0,83.0,sebastian hiram shaw is a supervillain appearing in american comic books published by marvel comics. he has been frequently depicted as an adversary of the x-men.
586,Shadow King,1,,red,,,Marvel Comics,,185.0,149.0,"legion (david charles haller) is a fictional character appearing in american comic books published by marvel comics, typically as a villain or supporting character in stories featuring the x-men and related characters.
he is the mutant son of charles xavier and gabrielle haller."
588,Shadowcat,1,Female,hazel,Mutant,Brown,Marvel Comics,,168.0,50.0,"katherine anne ""kitty"" pryde is a character appearing in american comic books published by marvel comics, commonly in association with the x-men. the character first appeared in the uncanny x-men #129 (january 1980) and was co-created by writer-artist john byrne and writer chris claremont."
589,Shang-Chi,1,Male,brown,Human,Black,Marvel Comics,,178.0,79.0,"zheng shang-chi, also known as the master of kung fu and brother hand, is a superhero appearing in american comic books published by marvel comics. the character was created by writer steve englehart and artist jim starlin, debuting in special marvel edition #15 (december 1973) in the bronze age of comic books, and starring in his own solo title until 1983."
590,Shatterstar,1,Male,brown,,Red,Marvel Comics,,191.0,88.0,"shatterstar (gaveedra-seven; earth name: benjamin russell) is a mutant superhero appearing in american comic books published by marvel comics. created by writer fabian nicieza and artist rob liefeld, the character first appeared in the new mutants #99 (march 1991), after which he became a member of the superhero team x-force."
591,She-Hulk,1,Female,green,Human,Green,Marvel Comics,,201.0,315.0,"she-hulk (jennifer susan walters) is a  character appearing in american comic books published by marvel comics. created by writer stan lee and artist john buscema, she first appeared in the savage she-hulk #1 (november 1979)."
592,She-Thing,1,Female,blue,Human / Radiation,No Hair,Marvel Comics,,183.0,153.0,"the man-thing (dr. theodore ""ted"" sallis) is a fictional character appearing in american comic books published by marvel comics."
593,Shocker,0,Male,brown,Human,Brown,Marvel Comics,,175.0,79.0,"the shocker (herman schultz) is a supervillain appearing in american comic books published by marvel comics. created by stan lee and john romita sr, the character debuted in the amazing spider-man #46 in march 1967."
594,Shriek,1,Female,yellow / blue,,Black,Marvel Comics,,173.0,52.0,"shriek (frances louise barrison) is a supervillain appearing in american comic books published by marvel comics. she is usually depicted as an enemy of spider-man, and the lover of cletus kasady known as carnage."
596,Sif,1,Female,blue,Asgardian,Black,Marvel Comics,,188.0,191.0,"sif is a character appearing in american comic books published by marvel comics. created by stan lee and jack kirby, the character first appeared in journey into mystery #102 (march 1964)."
597,Silk,1,Female,brown,Human,Black,Marvel Comics,,183.0,83.0,"silk is a  superhero appearing in american comic books published by marvel comics. created by dan slott and humberto ramos, she first appeared in the amazing spider-man #1 (april 2014)."
600,Silver Surfer,1,Male,white,Alien,No Hair,Marvel Comics,silver,193.0,101.0,"the silver surfer is a character appearing in american comic books published by marvel comics. the character also appears in a number of movies, television, and video game adaptations."
601,Silverclaw,1,Female,brown,,Black,Marvel Comics,,157.0,50.0,lists of the debut appearances of superhero characters by marvel comics.
606,Siryn,0,Female,blue,,Strawberry Blond,Marvel Comics,,168.0,52.0,"siryn (theresa maeve rourke cassidy) is a superhero appearing in american comic books published by marvel comics. created by writer chris claremont and artist steve leialoha, the character first appeared in spider-woman #37 (april 1981)."
607,Skaar,1,Male,green,,Black,Marvel Comics,,198.0,180.0,"skaar is a superhero appearing in american comic books published by marvel comics, usually as a supporting character in stories featuring his father, the hulk, who conceived skaar with the extraterrestrial caiera during the 2006–2007 ""planet hulk"" storyline. created by writer greg pak and artist john romita jr., the earliest version of the character appeared in a cameo in an alternate history story in what if?"
608,Snake-Eyes,0,Male,,Animal,,Marvel Comics,,183.0,83.0,"snake eyes (also known as snake-eyes) is a fictional character from the g.i. joe: a real american hero toyline, comic books, and animated series, created by larry hama. he is one of the original and most popular members of the g.i. joe team, and is most known for his relationships with scarlett and storm shadow."
609,Snowbird,1,Female,white,,Blond,Marvel Comics,,178.0,49.0,no data
612,Songbird,1,Female,green,,Red / White,Marvel Comics,,165.0,65.0,"songbird (melissa gold), formerly known as screaming mimi, is a superhero appearing in american comic books published by marvel comics. originally a supervillain, she possesses supersonic sound abilities that can cause a variety of effects."
616,Speedball,1,Male,,,,Marvel Comics,,183.0,83.0,"robert ""robbie"" baldwin is a superhero appearing in american comic books published by marvel comics. created by artist steve ditko and writer tom defalco, the character first appeared in the amazing spider-man annual #22 (january 1988) originally known as speedball, as well as in civil war: front line #10 (january 2007) as penance."
619,Spider-Carnage,0,Male,,Symbiote,,Marvel Comics,,183.0,83.0,"""maximum carnage"" is a 14-part comic book crossover published in marvel comics' spider-man family of titles in 1993. it featured spider-man, venom, and a host of other superheroes teaming up to face venom's murderous offspring carnage and his team of supervillains."
620,Spider-Girl,1,Female,blue,Human,Brown,Marvel Comics,,170.0,54.0,marvel comics 2 was an imprint from marvel comics whose comic books depict an alternative future timeline for the marvel universe. the imprint was spun off from the events of what if?
621,Spider-Gwen,1,Female,blue,Human,Blond,Marvel Comics,,165.0,56.0,"spider-woman (gwendolyne maxine ""gwen"" stacy; colloquially: spider-gwen, gwenom, also known as ghost-spider) is a superhero appearing in american comic books published by marvel comics. she was created by jason latour and robbi rodriguez."
622,Spider-Man,1,Male,hazel,Human,Brown,Marvel Comics,,178.0,74.0,"spider-man is a superhero in american comic books published by marvel comics. created by writer-editor stan lee and artist steve ditko, he first appeared in the anthology comic book amazing fantasy #15 (august 1962) in the silver age of comic books."
623,Spider-Man,1,,red,Human,Brown,Marvel Comics,,178.0,77.0,"spider-man is a superhero in american comic books published by marvel comics. created by writer-editor stan lee and artist steve ditko, he first appeared in the anthology comic book amazing fantasy #15 (august 1962) in the silver age of comic books."
624,Spider-Man,1,Male,brown,Human,Black,Marvel Comics,,157.0,56.0,"spider-man is a superhero in american comic books published by marvel comics. created by writer-editor stan lee and artist steve ditko, he first appeared in the anthology comic book amazing fantasy #15 (august 1962) in the silver age of comic books."
625,Spider-Woman,1,Female,green,Human,Black,Marvel Comics,,178.0,59.0,"spider-woman is the code name of several fictional characters in comic books published by marvel comics. the first major version is jessica drew (and later impersonated by veranke), the second major version is julia carpenter, and the third major version is mattie franklin."
626,Spider-Woman II,1,Female,,,,Marvel Comics,,183.0,83.0,"spider-woman (gwendolyne maxine ""gwen"" stacy; colloquially: spider-gwen, gwenom, also known as ghost-spider) is a superhero appearing in american comic books published by marvel comics. she was created by jason latour and robbi rodriguez."
627,Spider-Woman III,1,Female,brown,,Brown,Marvel Comics,,173.0,55.0,"spider-man (miles gonzalo morales ) is a superhero and the third predominant spider-man to appear in american comic books published by marvel comics, created in 2011 by writer brian michael bendis and artist sara pichelli, along with input by marvel's then-editor-in-chief axel alonso. born as a modern reimagining of the popular character, miles morales debuted in ultimate comics: fallout #4."
628,Spider-Woman IV,0,Female,red,,White,Marvel Comics,,178.0,58.0,"the vulture is the alias of several supervillains appearing in american comic books published by marvel comics, most of whom are depicted as enemies of the superhero spider-man and part of his adversaries composing his rogues gallery, typically using special suits which allow them to fly at vast speeds.
the first incarnation of the character, isidoro scarlotti, is an italian scientist and an enemy of the original human torch and toro."
630,Spyke,1,Male,brown,Mutant,Blond,Marvel Comics,,183.0,83.0,"spyke (evan daniels) is a fictional character created by writer robert n. skir and artist steven e. gordon for the wb animated superhero series x-men: evolution, which is based on american comic books published by marvel comics. voiced by neil denis, the character is a high school student with the mutant ability to project spikes out of his body."
631,Stacy X,1,Female,,,,Marvel Comics,,183.0,83.0,"stacy x (miranda leevald) is a fictional character appearing in american comic books published by marvel comics. created by writer joe casey and artist tom raney, she first appeared in uncanny x-men #399 (november 2001), when she was known as x-stacy, and later became known as ripcord."
632,Star-Lord,1,Male,blue,Human-Spartoi,Blond,Marvel Comics,,188.0,79.0,"star-lord (peter jason quill) is a superhero appearing in american comic books published by marvel comics. created by steve englehart and steve gan, the character first appeared in marvel preview #4 (january 1976)."
633,Stardust,1,Male,,,,Marvel Comics,,183.0,83.0,stardust (lambda-zero) is a character appearing in the comic books published by marvel comics and existing in that company's marvel universe. stardust is one of the many heralds of galactus.
640,Storm,1,Female,blue,Mutant,White,Marvel Comics,,180.0,57.0,"storm is a superhero appearing in american comic books published by marvel comics. created by writer len wein and artist dave cockrum, the character first appeared in giant-size x-men #1 (may 1975)."
642,Sunspot,1,Male,brown,Mutant,black,Marvel Comics,,173.0,77.0,"sunspot (roberto ""bobby"" da costa) is a superhero appearing in american comic books published by marvel comics. the character is most commonly associated with x-men-related groups, the new mutants and x-force."
648,Swarm,0,Male,yellow,Mutant,No Hair,Marvel Comics,yellow,196.0,47.0,no data
650,Synch,1,Male,brown,,Black,Marvel Comics,,180.0,74.0,no data
655,Taskmaster,0,Male,brown,Human,Brown,Marvel Comics,,188.0,99.0,"taskmaster (anthony ""tony"" masters) is a fictional character appearing in american comic books published by marvel comics. created by writer david michelinie and artist george pérez, the character made his debut in the avengers #195 (may 1980)."
656,Tempest,1,Female,brown,,Black,Marvel Comics,,163.0,54.0,"tempest, in comics, may refer to:"
657,Thanos,0,Male,red,Eternal,No Hair,Marvel Comics,purple,201.0,443.0,"thanos () is a supervillain appearing in american comic books published by marvel comics. created by writer-artist jim starlin, the character first appeared in the invincible iron man #55 (cover date february 1973)."
660,Thing,1,Male,blue,Human / Radiation,No Hair,Marvel Comics,,183.0,225.0,"the thing (benjamin jacob ""ben"" grimm) is a fictional superhero character appearing in american comic books published by marvel comics. he is a founding member of the fantastic four."
661,Thor,1,Male,blue,Asgardian,Blond,Marvel Comics,,198.0,288.0,"thor odinson is a superhero appearing in american comic books published by marvel comics, based on the god from old norse religion and mythology, thor (þórr). created by artist jack kirby, writer stan lee, and scripter larry lieber, the character first appeared in journey into mystery #83 (1962) and first received his own title with thor #126 (1966)."
662,Thor Girl,1,Female,blue,Asgardian,Blond,Marvel Comics,,175.0,143.0,"thor girl (tarene) is a superheroine appearing in american comic books published by marvel comics. created by writer dan jurgens and artist john romita jr., the character first appeared in thor vol."
663,Thunderbird,1,Male,brown,,Black,Marvel Comics,,185.0,101.0,"thunderbird (john proudstar) is a character appearing in american comic books published by marvel comics. created by writer len wein and artist dave cockrum, the character first appears in giant-size x-men #1 (may 1975)."
664,Thunderbird II,1,Male,,,,Marvel Comics,,183.0,83.0,"james jonathan proudstar, known first as thunderbird and then as warpath, is a character appearing in american comic books published by marvel comics, commonly in association with the x-men. proudstar first appears as the second thunderbird in new mutants #16 (june 1984)."
665,Thunderbird III,1,Male,brown,,Black,Marvel Comics,,175.0,74.0,thunderbird (neal shaara) is a character appearing in american comic books published by marvel comics. the character was depicted briefly as a member of the x-men.
666,Thunderstrike,1,Male,blue,,Blond,Marvel Comics,,198.0,288.0,"thunderstrike is the name of two fictional characters appearing in american comic books published by marvel comics.
eric masterson has appeared as thor and later thunderstrike."
667,Thundra,1,Female,green,,Red,Marvel Comics,,218.0,158.0,thundra is a fictional character appearing in american comic books published by marvel comics. she is often aligned with the fantastic four.
668,Tiger Shark,0,Male,grey,Human,No Hair,Marvel Comics,grey,185.0,203.0,"tiger shark (todd arliss) is a supervillain appearing in american comic books published by marvel comics. created by writer roy thomas and artist john buscema, the character first appeared in prince namor, the sub-mariner #5 (september 1968)."
669,Tigra,1,Female,green,,Auburn,Marvel Comics,,178.0,81.0,"tigra (greer grant nelson) is a superhero appearing in american comic books published by marvel comics. created by writer-editor roy thomas and artist wally wood (marie severin was then brought in to help layout the art), with her early adventures written by linda fite, the character first appeared as the superpowered and gadget-wielding crime fighter the cat in the claws of the cat #1 (november 1972)."
670,Tinkerer,0,Male,brown,,White,Marvel Comics,,163.0,54.0,the tinkerer (phineas mason) is a fictional character appearing in american comic books published by marvel comics. the character is usually depicted as an adversary of the superhero spider-man and the father of rick mason.
673,Toxin,1,Male,blue,Symbiote,Brown,Marvel Comics,,188.0,97.0,toxin is a fictional character appearing in american comic books published by marvel comics. he has been depicted as a superhero and at times a supervillain.
674,Toxin,1,Male,black,Symbiote,Blond,Marvel Comics,,191.0,117.0,toxin is a fictional character appearing in american comic books published by marvel comics. he has been depicted as a superhero and at times a supervillain.
679,Triton,1,Male,green,Inhuman,No Hair,Marvel Comics,green,188.0,86.0,"triton is a character appearing in american comic books published by marvel comics. created by stan lee and jack kirby, the character first appeared in fantastic four #45 (december 1965)."
681,Ultragirl,1,Female,blue,,Blond,Marvel Comics,,168.0,105.0,"
== uatu ==


== ulik ==


== ultimate nullifier ==
ultimate nullifier is the name of several characters appearing in american comic books published by marvel comics. they have no connection with the ultimate nullifier device."
682,Ultron,0,Male,red,Android,,Marvel Comics,silver,206.0,331.0,"ultron () is a supervillain appearing in american comic books published by marvel comics. created by writer roy thomas and artist john buscema, the character first appeared as an unnamed character in the avengers #54 (july 1968), with his first full appearance in the avengers #55 (august 1968)."
683,Utgard-Loki,0,Male,blue,Frost Giant,White,Marvel Comics,,15.2,58.0,"
== uatu ==


== ulik ==


== ultimate nullifier ==
ultimate nullifier is the name of several characters appearing in american comic books published by marvel comics. they have no connection with the ultimate nullifier device."
684,Vagabond,1,Female,blue,,Strawberry Blond,Marvel Comics,,168.0,54.0,"
== vagabond ==
vagabond (priscilla lyons) is the former partner and girlfriend of nomad (jack monroe). she prevented black racer's assassination attempt on sidewinder."
686,Valkyrie,1,Female,blue,,Blond,Marvel Comics,,191.0,214.0,"valkyrie, also known by her asgardian name brunnhilde, is a superheroine appearing in american comic books published by marvel comics. created by steve englehart and sal buscema, the character first appeared in defenders #4 (november 1972)."
687,Vanisher,0,Male,green,,No Hair,Marvel Comics,,165.0,79.0,"
== t-ray ==


== taegukgi ==

taegukgi (tae-won) is a character appearing in american comic books published by marvel comics. the character, created by jed mackay and alessandro vitti, first appeared in taskmaster (vol."
689,Venom,0,Male,blue,Symbiote,Strawberry Blond,Marvel Comics,,191.0,117.0,"venom, also known formally as ""the symbiote"", is a character appearing in american comic books published by marvel comics. the character is a sentient alien symbiote with an amorphous, liquid-like form, who survives by bonding with a host, usually human."
690,Venom II,0,Male,brown,,Black,Marvel Comics,,175.0,50.0,"venom, also known formally as ""the symbiote"", is a character appearing in american comic books published by marvel comics. the character is a sentient alien symbiote with an amorphous, liquid-like form, who survives by bonding with a host, usually human."
691,Venom III,0,Male,brown,Symbiote,Brown,Marvel Comics,,229.0,334.0,"venom, also known formally as ""the symbiote"", is a character appearing in american comic books published by marvel comics. the character is a sentient alien symbiote with an amorphous, liquid-like form, who survives by bonding with a host, usually human."
693,Vertigo II,1,Female,blue,,Silver,Marvel Comics,,168.0,52.0,"throughout its history of publications, marvel comics has produced many inter-company crossover stories combining characters from different series. the following is a list of crossover events involving superheroes and characters from other series."
695,Vindicator,1,Female,green,Human,Red,Marvel Comics,,165.0,54.0,"guardian (james hudson; also known as weapon alpha or vindicator) is a fictional superhero appearing in american comic books published by marvel comics. created by john byrne, the character made his first appearance in the uncanny x-men #109 (february 1978) which was co-plotted by byrne and his long-time collaborator chris claremont."
696,Vindicator,1,Male,,,,Marvel Comics,,183.0,83.0,"guardian (james hudson; also known as weapon alpha or vindicator) is a fictional superhero appearing in american comic books published by marvel comics. created by john byrne, the character made his first appearance in the uncanny x-men #109 (february 1978) which was co-plotted by byrne and his long-time collaborator chris claremont."
699,Vision,1,Male,gold,Android,No Hair,Marvel Comics,red,191.0,135.0,"the vision is a superhero appearing in american comic books published by marvel comics. created by roy thomas and artist john buscema, the character first appeared in the avengers #57 (published in august 1968)."
700,Vision II,1,,red,,No Hair,Marvel Comics,,191.0,135.0,"a night-vision device (nvd), also known as a night optical/observation device (nod) or night-vision goggle (nvg), is an optoelectronic device that allows visualization of images in low levels of light, improving the user's night vision.
the device enhances ambient visible light and converts near-infrared light into visible light which can then be seen by humans; this is known as i2 (image intensification)."
702,Vulcan,1,Male,black,,Black,Marvel Comics,,183.0,83.0,vulcan (gabriel summers) is a fictional character appearing in american comic books published by marvel comics. he first appeared in x-men: deadly genesis #1 (january 2006).
703,Vulture,0,Male,brown,Human,No Hair,Marvel Comics,,180.0,79.0,"the vulture is the alias of several supervillains appearing in american comic books published by marvel comics, most of whom are depicted as enemies of the superhero spider-man and part of his adversaries composing his rogues gallery, typically using special suits which allow them to fly at vast speeds.
the first incarnation of the character, isidoro scarlotti, is an italian scientist and an enemy of the original human torch and toro."
704,Walrus,0,Male,blue,Human,Black,Marvel Comics,,183.0,162.0,the walrus is a comedic supervillain appearing in american comic books published by marvel comics. he is the enemy of spider-man and frog-man.
705,War Machine,1,Male,brown,Human,Brown,Marvel Comics,,185.0,95.0,"war machine (col. james rupert ""rhodey"" rhodes) is a superhero appearing in american comic books published by marvel comics."
706,Warbird,1,Female,blue,,Blond,Marvel Comics,,180.0,54.0,"carol susan jane danvers is a character appearing in american comic books published by marvel comics. created by writer roy thomas and artist gene colan, the character first appeared as an officer in the united states air force and a colleague of the kree superhero mar-vell in marvel super-heroes #13 (march 1968)."
707,Warlock,1,Male,red,,Blond,Marvel Comics,,188.0,108.0,"warlock is a character appearing in american comic books published by marvel comics, primarily in association with the x-men. created by chris claremont and bill sienkiewicz, he first appeared in the new mutants #18 (august 1984)."
709,Warpath,1,Male,brown,Mutant,Black,Marvel Comics,,218.0,158.0,"james jonathan proudstar, known first as thunderbird and then as warpath, is a character appearing in american comic books published by marvel comics, commonly in association with the x-men. proudstar first appears as the second thunderbird in new mutants #16 (june 1984)."
710,Wasp,1,Female,blue,Human,Auburn,Marvel Comics,,163.0,50.0,"the wasp (janet van dyne) is a character appearing in american comic books published by marvel comics. created by stan lee, ernie hart, and jack kirby, the character first appeared in tales to astonish #44 (june 1963)."
711,Watcher,1,Male,,,,Marvel Comics,,183.0,83.0,"water is an inorganic compound with the chemical formula h2o. it is a transparent, tasteless, odorless, and nearly colorless chemical substance. it is the main constituent of earth's hydrosphere and the fluids of all known living organisms, in which it acts as a solvent."
712,Weapon XI,0,Male,,,,Marvel Comics,,183.0,83.0,"""weapon x"" is a comic book story arc written and illustrated by barry windsor-smith and published by american company marvel comics. the story arc appears in marvel comics presents #72–84 and tells the story of wolverine during his time in weapon x. only the prologue and part of the final chapter are told from the perspective of wolverine, who is in a near mindless state for the bulk of the story."
714,White Queen,1,Female,blue,,Blond,Marvel Comics,,178.0,65.0,"storm is a superhero appearing in american comic books published by marvel comics. created by writer len wein and artist dave cockrum, the character first appeared in giant-size x-men #1 (may 1975)."
716,Winter Soldier,1,Male,brown,Human,Brown,Marvel Comics,,175.0,117.0,"james buchanan ""bucky"" barnes is a character appearing in american comic books published by marvel comics. originally introduced as a sidekick to captain america, the character was created by joe simon and jack kirby and first appeared in captain america comics #1 (cover-dated march 1941) (which was published by marvel's predecessor, timely comics)."
717,Wiz Kid,1,,brown,,Black,Marvel Comics,,140.0,39.0,"heroclix is a collectible miniatures game that uses the clix system that centers on the world of superhero comic books, especially dc and marvel universes. players construct teams of comic book heroes, villains, or characters from various video games series such as street fighter, gears of war, and halo and engage in a turn-by-turn battle on grid maps based on various storyline locations."
718,Wolfsbane,1,Female,green,,Auburn,Marvel Comics,,366.0,473.0,wolfsbane (rahne grace sinclair) is a character appearing in american comic books published by marvel comics. the character is commonly associated with the x-men.
719,Wolverine,1,Male,blue,Mutant,Black,Marvel Comics,,160.0,135.0,"wolverine is a comic book series published by marvel comics starring the x-men character wolverine. as of april 2013, 323 issues and 11 annuals have been published."
721,Wonder Man,1,Male,red,,Black,Marvel Comics,,188.0,171.0,"eric williams is a character appearing in american comic books published by marvel comics. created by roy thomas and john buscema, the character first appeared in the avengers #52 may (1968)."
723,Wondra,1,Female,,,,Marvel Comics,,183.0,83.0,"jubilee (jubilation lee) is a superhero appearing in american comic books published by marvel comics. created by writer chris claremont and artist marc silvestri, the character first appeared in uncanny x-men #244 (may 1989)."
724,Wyatt Wingfoot,1,Male,brown,,Black,Marvel Comics,,196.0,117.0,"wyatt wingfoot is a fictional supporting character appearing in american comic books published by marvel comics.
while having no superpowers, he has spent much time in the company of the fantastic four due to his friendship with human torch, and his relationship with occasional fantastic four member she-hulk."
725,X-23,1,Female,green,Mutant / Clone,Black,Marvel Comics,,155.0,50.0,"laura kinney (designation x-23) is a superheroine appearing in american comic books published by marvel comics, commonly in association with wolverine, whose codename she has also used, and the x-men. the character was created by writer craig kyle for the x-men: evolution television series in 2003, before debuting in the nyx comic series in 2004."
726,X-Man,1,Male,blue,,Brown,Marvel Comics,,175.0,61.0,"arcade is a supervillain appearing in american comic books published by marvel comics. he first appeared in 1978's marvel team-up #65, the creation of writer chris claremont and/or writer/artist john byrne."
727,Yellow Claw,0,Male,blue,,No Hair,Marvel Comics,,188.0,95.0,"the yellow claw is a  supervillain appearing in american comic books published by marvel comics. created by writer al feldstein and artist joe maneely, the character first appeared in yellow claw #1 (cover-dated october 1956), published by atlas comics, the 1950s predecessor of marvel."
728,Yellowjacket,1,Male,blue,Human,Blond,Marvel Comics,,183.0,83.0,"yellowjacket is an alias utilized by several fictional characters appearing in american comic books published by marvel comics.


== fictional character biography ==


=== hank pym ===

dr."
729,Yellowjacket II,1,Female,blue,Human,Strawberry Blond,Marvel Comics,,165.0,52.0,no data
730,Ymir,1,Male,white,Frost Giant,No Hair,Marvel Comics,white,304.8,83.0,"ymir is a character appearing in american comic books published by marvel comics. created by stan lee and jack kirby, the character first appeared in journey into mystery #97 (october 1963)."
